"","CUS_ID","T_USAGE","PAGEVIEWS","GENDER","SCHOOL","LOCATION"
"1",2,836048,25498,"여자","대졸","서울"
"2",4,275572,12831,"남자","고졸","그외"
"3",8,101640,5871,"남자","대졸","그외"
"4",10,1222047,43544,"남자","대졸","서울"
"5",11,90562,5582,"남자","대학원졸","그외"
"6",14,644274,21572,"여자","고졸","서울"
"7",15,595743,25967,"여자","고졸","그외"
"8",17,172435,7284,"남자","고졸","그외"
"9",19,329314,12087,"남자","대졸","그외"
"10",23,489285,23935,"여자","대졸","그외"
"11",24,421206,12917,"남자","고졸","서울"
"12",25,385731,36266,"남자","대졸","그외"
"13",26,530405,16921,"남자","고졸","그외"
"14",27,546656,21490,"여자","대졸","서울"
"15",31,631398,33939,"남자","대졸","그외"
"16",32,1181614,36883,"여자","대졸","서울"
"17",33,394670,17793,"남자","고졸","서울"
"18",34,609035,16023,"여자","대졸","서울"
"19",35,310133,8351,"여자","대졸","서울"
"20",36,168645,7841,"여자","고졸","그외"
"21",39,411570,17924,"여자","대졸","서울"
"22",41,191321,6525,"남자","고졸","그외"
"23",49,687620,26658,"남자","대졸","서울"
"24",50,342612,11182,"남자","대졸","그외"
"25",52,102939,5024,"남자","대학원졸","그외"
"26",54,1075841,31985,"남자","고졸","서울"
"27",55,144488,5308,"남자","대졸","그외"
"28",56,194720,9665,"여자","대졸","그외"
"29",57,476122,30796,"여자","고졸","서울"
"30",59,286772,13057,"여자","대졸","그외"
"31",60,415150,16451,"남자","고졸","서울"
"32",62,180287,8566,"여자","대졸","그외"
"33",68,135675,8546,"남자","고졸","그외"
"34",69,423143,23761,"남자","대졸","서울"
"35",71,183998,6951,"남자","대졸","그외"
"36",78,530513,26266,"남자","대졸","그외"
"37",79,703388,20264,"남자","대학원졸","서울"
"38",80,227846,13831,"남자","대졸","그외"
"39",84,257821,9741,"여자","고졸","서울"
"40",85,220602,14622,"남자","고졸","서울"
"41",87,271052,8405,"남자","대졸","그외"
"42",88,491763,42929,"남자","대학원졸","서울"
"43",90,643237,18429,"남자","대졸","서울"
"44",92,681171,23143,"남자","고졸","서울"
"45",93,682560,33181,"남자","고졸","서울"
"46",95,1562095,42608,"여자","대학원졸","서울"
"47",97,460410,18367,"남자","대학원졸","그외"
"48",98,811931,26573,"여자","대졸","서울"
"49",103,2764577,93266,"남자","대졸","서울"
"50",110,315593,12885,"여자","고졸","서울"
"51",111,474014,22934,"남자","대졸","그외"
"52",112,209276,21768,"남자","대학원졸","서울"
"53",118,270926,6115,"남자","대졸","그외"
"54",123,251081,12085,"남자","고졸","그외"
"55",126,304757,13965,"여자","대졸","그외"
"56",129,814798,50150,"여자","대학원졸","서울"
"57",130,68362,4510,"여자","고졸","서울"
"58",131,87052,5600,"여자","대졸","그외"
"59",134,713564,33937,"남자","대졸","그외"
"60",138,599292,15877,"남자","대졸","그외"
"61",141,100561,5518,"남자","대졸","그외"
"62",142,493632,17969,"여자","대졸","서울"
"63",144,340703,15142,"여자","고졸","그외"
"64",149,838124,23449,"여자","대졸","그외"
"65",153,258155,10777,"여자","대졸","서울"
"66",155,692700,23534,"여자","대졸","서울"
"67",157,529518,30981,"여자","고졸","서울"
"68",159,110223,6772,"여자","대졸","그외"
"69",161,258085,12814,"여자","대졸","그외"
"70",163,332806,11166,"남자","대졸","그외"
"71",165,239099,11856,"여자","고졸","서울"
"72",167,775684,39710,"여자","고졸","서울"
"73",168,170327,5183,"여자","대졸","서울"
"74",174,1630445,59777,"여자","중졸이하","서울"
"75",177,244026,9807,"남자","고졸","그외"
"76",180,1633389,29965,"남자","대졸","서울"
"77",184,177162,7245,"여자","고졸","서울"
"78",186,318380,15322,"남자","대졸","그외"
"79",187,882347,44675,"여자","대졸","서울"
"80",190,1876849,94106,"남자","대학원졸","그외"
"81",196,635303,19255,"여자","대졸","서울"
"82",197,1005574,45804,"여자","대졸","서울"
"83",199,1105718,47205,"남자","고졸","그외"
"84",201,36670,2271,"여자","고졸","서울"
"85",202,584825,33037,"여자","대졸","서울"
"86",203,677799,24532,"남자","고졸","서울"
"87",205,268766,8814,"남자","고졸","그외"
"88",208,141080,3717,"남자","고졸","그외"
"89",209,705762,31343,"남자","대졸","서울"
"90",210,411931,12411,"남자","대졸","서울"
"91",212,211950,9082,"남자","중졸이하","그외"
"92",213,981619,29565,"남자","대졸","서울"
"93",214,833029,34864,"여자","고졸","그외"
"94",218,1100887,45239,"남자","대졸","서울"
"95",221,286302,13327,"여자","대졸","그외"
"96",225,1235118,47305,"남자","고졸","서울"
"97",227,635081,32924,"남자","고졸","서울"
"98",228,296770,10499,"남자","대졸","그외"
"99",229,412376,16316,"남자","대학원졸","서울"
"100",232,1941249,55250,"남자","고졸","서울"
"101",235,143366,10110,"남자","대졸","그외"
"102",236,577258,15904,"여자","대졸","그외"
"103",237,957371,26932,"남자","대졸","서울"
"104",241,525186,15003,"남자","대졸","그외"
"105",244,1349326,49400,"남자","대졸","서울"
"106",251,249711,12913,"남자","고졸","서울"
"107",253,156923,9149,"남자","대학원졸","그외"
"108",255,208897,12615,"남자","대졸","그외"
"109",260,493726,16438,"남자","대졸","서울"
"110",261,108471,4362,"여자","대학원졸","그외"
"111",263,433840,17491,"여자","대졸","그외"
"112",264,1045429,57746,"남자","대학원졸","서울"
"113",267,857006,28836,"여자","대졸","서울"
"114",271,393301,39912,"남자","대졸","서울"
"115",276,113966,7924,"여자","고졸","서울"
"116",278,241658,8588,"여자","고졸","서울"
"117",279,1172886,37984,"여자","대졸","그외"
"118",282,213447,6626,"남자","대졸","그외"
"119",283,412603,22020,"여자","대졸","서울"
"120",286,350163,14506,"남자","대졸","서울"
"121",290,483897,25236,"여자","대졸","서울"
"122",293,1085798,40546,"여자","대졸","그외"
"123",294,82240,2148,"여자","중졸이하","서울"
"124",297,897697,44939,"여자","고졸","서울"
"125",298,688588,32140,"남자","대졸","서울"
"126",300,741468,28458,"남자","고졸","서울"
"127",302,57134,4750,"여자","대학원졸","서울"
"128",307,950622,35403,"남자","대졸","그외"
"129",308,538118,17633,"남자","대학원졸","서울"
"130",309,273400,14932,"여자","대졸","서울"
"131",312,222191,10995,"남자","고졸","그외"
"132",315,181937,8771,"남자","고졸","그외"
"133",318,204338,8629,"남자","대졸","서울"
"134",319,598511,19579,"남자","고졸","그외"
"135",322,399050,6413,"여자","대학원졸","그외"
"136",323,731942,27001,"남자","고졸","그외"
"137",324,481766,27396,"남자","대학원졸","서울"
"138",326,238467,15467,"여자","대졸","그외"
"139",328,1229450,35318,"남자","고졸","서울"
"140",330,85055,4192,"남자","고졸","그외"
"141",334,394371,13206,"남자","대졸","서울"
"142",335,287067,9192,"여자","고졸","서울"
"143",339,328731,10054,"남자","대졸","그외"
"144",343,1761712,45315,"남자","대졸","서울"
"145",346,239308,12207,"남자","대졸","그외"
"146",347,177307,7500,"여자","대학원졸","서울"
"147",348,702382,44895,"여자","대졸","서울"
"148",351,388217,17701,"여자","대졸","그외"
"149",353,228084,6634,"여자","대졸","서울"
"150",354,301799,15558,"남자","고졸","그외"
"151",358,102207,5145,"남자","대졸","그외"
"152",360,212267,11448,"남자","대졸","그외"
"153",361,1067818,25119,"남자","대졸","서울"
"154",363,60929,4060,"남자","대학원졸","그외"
"155",366,458051,12592,"여자","대졸","서울"
"156",368,406524,15361,"남자","고졸","서울"
"157",369,101105,3095,"남자","고졸","그외"
"158",371,228560,11352,"남자","대졸","그외"
"159",374,960721,46836,"여자","대졸","서울"
"160",375,804083,28903,"여자","대학원졸","서울"
"161",377,181681,6619,"여자","대졸","그외"
"162",378,1299330,41757,"여자","대졸","그외"
"163",380,371868,13673,"여자","대졸","그외"
"164",382,239357,17377,"남자","고졸","서울"
"165",384,374647,17903,"여자","고졸","서울"
"166",385,550209,22963,"여자","대졸","서울"
"167",387,299317,17820,"여자","중졸이하","서울"
"168",388,203311,7016,"여자","대학원졸","서울"
"169",389,591940,18031,"남자","대졸","서울"
"170",391,1451422,51993,"여자","고졸","서울"
"171",393,150927,3460,"여자","대졸","그외"
"172",396,1041152,44555,"여자","대졸","서울"
"173",397,766302,36033,"남자","대졸","서울"
"174",399,499216,28352,"여자","대졸","서울"
"175",400,526089,30341,"남자","대졸","서울"
"176",401,764260,26920,"여자","고졸","그외"
"177",405,807195,22222,"남자","고졸","서울"
"178",406,919587,37911,"여자","대학원졸","서울"
"179",407,149651,9531,"남자","대졸","그외"
"180",408,819860,38693,"여자","고졸","서울"
"181",412,109142,3774,"여자","고졸","서울"
"182",414,350105,10592,"여자","대졸","그외"
"183",415,1221165,38438,"남자","대학원졸","서울"
"184",416,173444,5702,"남자","대졸","그외"
"185",417,436958,16035,"여자","중졸이하","서울"
"186",418,443859,13588,"남자","대졸","그외"
"187",420,215539,10263,"여자","고졸","서울"
"188",421,600354,13885,"남자","대학원졸","그외"
"189",423,904465,40491,"남자","고졸","서울"
"190",424,589725,22534,"남자","대졸","서울"
"191",425,470416,27524,"남자","고졸","그외"
"192",429,417357,15047,"남자","대졸","그외"
"193",430,146508,5496,"남자","대학원졸","그외"
"194",431,537746,28935,"남자","고졸","서울"
"195",432,315705,18485,"여자","고졸","서울"
"196",436,380676,15262,"남자","대졸","서울"
"197",437,640702,19312,"여자","대졸","서울"
"198",439,751279,25238,"여자","대졸","서울"
"199",440,572368,35112,"남자","대졸","그외"
"200",442,283770,14200,"남자","대졸","그외"
"201",444,316456,13093,"남자","대졸","그외"
"202",446,2214889,88998,"남자","대졸","서울"
"203",448,603299,35803,"남자","대졸","서울"
"204",450,503791,29633,"여자","대졸","그외"
"205",452,464383,27696,"여자","대졸","서울"
"206",453,53732,3459,"여자","대졸","그외"
"207",454,777487,12603,"여자","대학원졸","서울"
"208",455,729397,31208,"여자","고졸","서울"
"209",459,312507,10278,"남자","대졸","그외"
"210",460,286158,9656,"여자","대졸","서울"
"211",461,122900,7442,"남자","대졸","서울"
"212",464,523369,21105,"여자","대졸","서울"
"213",465,786727,37099,"남자","고졸","서울"
"214",468,389936,14384,"남자","고졸","그외"
"215",469,1577687,36498,"남자","대졸","서울"
"216",470,661585,27518,"남자","대졸","서울"
"217",472,512908,25896,"남자","중졸이하","서울"
"218",474,85470,3950,"남자","고졸","그외"
"219",476,673653,39532,"여자","고졸","서울"
"220",478,458346,19794,"남자","고졸","서울"
"221",482,463451,25886,"남자","대졸","그외"
"222",486,51502,2340,"여자","대졸","서울"
"223",489,63408,3614,"여자","고졸","서울"
"224",491,13930,655,"여자","고졸","서울"
"225",492,328669,16682,"여자","대졸","그외"
"226",497,771236,43921,"남자","고졸","서울"
"227",498,251881,10945,"여자","대졸","그외"
"228",500,587674,28477,"남자","대졸","그외"
"229",502,401808,19691,"여자","대졸","그외"
"230",504,312131,9572,"남자","중졸이하","그외"
"231",505,1270812,45641,"남자","대졸","그외"
"232",514,162006,5871,"여자","대졸","그외"
"233",519,539352,26585,"여자","고졸","서울"
"234",520,554370,26245,"남자","고졸","그외"
"235",524,430129,24910,"남자","대학원졸","그외"
"236",525,409917,9877,"여자","고졸","그외"
"237",527,198057,7744,"남자","대졸","그외"
"238",528,246584,9421,"남자","대졸","그외"
"239",529,850696,38840,"남자","대졸","서울"
"240",531,216300,11226,"남자","대학원졸","서울"
"241",532,1372474,59280,"남자","대졸","그외"
"242",534,356562,20089,"남자","대졸","그외"
"243",535,1501219,47131,"여자","대졸","서울"
"244",536,461054,10951,"남자","대학원졸","서울"
"245",539,858299,59792,"남자","대학원졸","그외"
"246",541,336374,12170,"남자","고졸","서울"
"247",542,298255,11393,"남자","대학원졸","그외"
"248",544,380159,14529,"남자","대학원졸","서울"
"249",545,533132,23497,"남자","대졸","그외"
"250",551,136878,5153,"여자","고졸","서울"
"251",552,1312180,51725,"여자","고졸","서울"
"252",560,948554,38607,"남자","대졸","서울"
"253",562,300956,12952,"남자","고졸","그외"
"254",566,1207371,22195,"남자","대졸","그외"
"255",568,116666,3877,"남자","고졸","그외"
"256",570,422199,15672,"여자","대졸","서울"
"257",571,638403,23874,"남자","고졸","그외"
"258",573,664710,41539,"여자","고졸","서울"
"259",574,361596,9542,"남자","대졸","그외"
"260",577,378493,17417,"남자","중졸이하","그외"
"261",578,531789,29107,"여자","고졸","그외"
"262",583,392025,14004,"남자","고졸","서울"
"263",585,1544288,61563,"여자","대졸","서울"
"264",586,226371,8164,"남자","대졸","서울"
"265",588,199705,5650,"남자","대졸","그외"
"266",590,509311,35481,"남자","고졸","서울"
"267",592,369412,25534,"남자","고졸","서울"
"268",593,660756,22038,"여자","대학원졸","그외"
"269",594,887840,35906,"여자","고졸","서울"
"270",595,992080,25046,"남자","대졸","서울"
"271",599,1332123,46412,"남자","대졸","그외"
"272",601,1064866,56822,"여자","대졸","서울"
"273",608,625291,20948,"남자","대학원졸","서울"
"274",609,572958,26169,"여자","대졸","서울"
"275",611,2250446,82285,"남자","고졸","서울"
"276",614,428939,12053,"남자","대졸","그외"
"277",616,239032,9477,"남자","대졸","그외"
"278",618,246699,12835,"남자","대졸","그외"
"279",619,84116,6087,"여자","대졸","그외"
"280",621,388448,15948,"여자","대졸","서울"
"281",622,1162765,33432,"여자","대졸","서울"
"282",627,71989,3917,"남자","고졸","서울"
"283",629,123640,3441,"여자","대졸","서울"
"284",630,1027480,51329,"남자","대졸","그외"
"285",633,711121,48562,"여자","고졸","서울"
"286",634,195819,5917,"여자","고졸","그외"
"287",636,160265,5007,"남자","대졸","그외"
"288",638,284586,10649,"남자","대졸","서울"
"289",639,266556,16817,"남자","대졸","서울"
"290",640,262869,10455,"남자","대졸","그외"
"291",644,197146,8998,"남자","고졸","그외"
"292",647,798350,38340,"남자","대졸","서울"
"293",649,469363,18935,"여자","중졸이하","서울"
"294",650,1029156,50343,"여자","대졸","서울"
"295",651,2238577,63086,"여자","고졸","서울"
"296",652,395775,17631,"여자","고졸","그외"
"297",655,64629,5304,"남자","대졸","그외"
"298",656,923410,45481,"남자","고졸","서울"
"299",657,108335,8640,"여자","고졸","그외"
"300",658,693213,28833,"여자","대졸","그외"
"301",665,420730,18683,"여자","대졸","서울"
"302",666,216885,7455,"여자","대졸","그외"
"303",669,776218,24309,"여자","대졸","서울"
"304",670,1358162,47205,"여자","대졸","서울"
"305",671,2810318,238164,"여자","대학원졸","그외"
"306",672,628106,22958,"여자","대졸","그외"
"307",673,101871,5075,"남자","중졸이하","서울"
"308",675,705730,46968,"남자","대학원졸","서울"
"309",677,244744,7163,"여자","고졸","서울"
"310",680,449754,12358,"여자","고졸","서울"
"311",681,481417,26810,"남자","대졸","서울"
"312",688,664838,19864,"남자","대졸","서울"
"313",689,234821,9096,"여자","대졸","서울"
"314",692,455085,20500,"남자","고졸","서울"
"315",693,129990,8090,"남자","고졸","그외"
"316",694,611936,24225,"여자","대졸","서울"
"317",696,158843,8497,"남자","고졸","그외"
"318",698,344763,15736,"남자","대졸","서울"
"319",701,1028922,45667,"여자","대졸","서울"
"320",702,844317,27065,"남자","대졸","서울"
"321",703,479444,18088,"여자","대졸","서울"
"322",705,811044,23753,"남자","고졸","서울"
"323",706,303741,17740,"여자","대학원졸","서울"
"324",711,1232738,65806,"남자","대졸","그외"
"325",714,232318,10588,"여자","대졸","그외"
"326",717,153182,9799,"남자","대졸","그외"
"327",719,241514,7303,"남자","대졸","그외"
"328",720,171486,12661,"여자","대졸","서울"
"329",722,911492,37131,"남자","대학원졸","그외"
"330",725,183055,11197,"여자","대졸","그외"
"331",726,293335,15140,"여자","고졸","그외"
"332",727,640276,28041,"남자","대학원졸","그외"
"333",728,493771,13684,"여자","고졸","서울"
"334",729,390477,19571,"남자","고졸","그외"
"335",731,766394,28505,"여자","대졸","서울"
"336",733,983759,22340,"남자","고졸","서울"
"337",734,360409,11168,"남자","대졸","서울"
"338",736,577250,25142,"남자","대졸","서울"
"339",741,188801,7202,"여자","고졸","서울"
"340",742,1258665,60886,"남자","대졸","서울"
"341",745,681594,24621,"남자","대졸","그외"
"342",746,662718,30142,"여자","대졸","서울"
"343",747,719382,24088,"남자","대졸","그외"
"344",748,221721,8946,"남자","대졸","그외"
"345",749,656403,37591,"여자","대졸","서울"
"346",754,117208,4557,"남자","대졸","그외"
"347",755,328373,16105,"남자","고졸","서울"
"348",756,349981,11091,"여자","대졸","서울"
"349",758,191438,6500,"여자","대졸","그외"
"350",759,1208453,45196,"남자","고졸","서울"
"351",760,295718,13737,"남자","대학원졸","그외"
"352",762,170435,5179,"남자","대졸","그외"
"353",763,286707,13458,"남자","대졸","그외"
"354",764,79716,4352,"남자","대졸","그외"
"355",765,696675,30255,"여자","대졸","서울"
"356",766,751939,6272,"여자","중졸이하","서울"
"357",771,615879,19913,"남자","대졸","그외"
"358",772,995535,34253,"남자","대졸","그외"
"359",773,335091,17419,"남자","대학원졸","그외"
"360",774,404507,21367,"남자","대졸","그외"
"361",778,196091,8662,"여자","대졸","그외"
"362",785,599795,37285,"여자","대졸","서울"
"363",788,630083,25644,"여자","대졸","서울"
"364",789,733310,40807,"남자","대졸","서울"
"365",790,602732,47140,"남자","대졸","서울"
"366",794,549028,21064,"남자","대졸","그외"
"367",798,465084,13078,"여자","대졸","그외"
"368",803,418594,28727,"여자","대졸","서울"
"369",807,1515905,52303,"여자","고졸","서울"
"370",808,376999,12334,"남자","고졸","그외"
"371",811,344690,15159,"여자","고졸","서울"
"372",812,290714,10486,"여자","대졸","그외"
"373",814,258036,9206,"남자","고졸","그외"
"374",818,680418,33476,"여자","대졸","서울"
"375",821,839895,26551,"남자","고졸","서울"
"376",825,676228,30768,"남자","대졸","그외"
"377",826,313142,15643,"남자","대졸","그외"
"378",827,177146,11473,"여자","고졸","서울"
"379",828,574757,20932,"남자","대학원졸","그외"
"380",829,205425,9233,"남자","대졸","그외"
"381",830,188268,8358,"여자","고졸","서울"
"382",832,46270,2468,"여자","대졸","그외"
"383",844,612958,14065,"남자","대졸","그외"
"384",846,385661,18422,"여자","대졸","그외"
"385",847,462335,18625,"남자","대졸","서울"
"386",848,417776,16465,"남자","중졸이하","서울"
"387",854,216245,6638,"남자","대졸","그외"
"388",857,210921,9621,"여자","대졸","그외"
"389",858,1421414,45670,"남자","대졸","서울"
"390",860,310316,12386,"여자","고졸","서울"
"391",870,881042,29028,"남자","대졸","서울"
"392",872,274347,8367,"여자","대졸","그외"
"393",874,866368,53483,"여자","대졸","그외"
"394",875,246211,11335,"여자","대졸","그외"
"395",876,461613,18797,"여자","대학원졸","서울"
"396",879,402565,20110,"여자","대졸","그외"
"397",882,1819865,84850,"남자","고졸","서울"
"398",891,536394,27457,"여자","대졸","그외"
"399",893,520622,29773,"여자","고졸","서울"
"400",895,2250626,81148,"남자","대졸","서울"
"401",896,482171,32233,"남자","대졸","서울"
"402",897,688789,46435,"여자","대졸","서울"
"403",899,390478,13789,"남자","대졸","그외"
"404",907,395202,37802,"여자","대졸","서울"
"405",908,544210,18698,"여자","대학원졸","그외"
"406",909,244270,9534,"남자","대학원졸","그외"
"407",910,220058,7080,"남자","대졸","그외"
"408",912,242539,9548,"남자","대졸","그외"
"409",913,558399,30102,"여자","대학원졸","서울"
"410",914,237350,7498,"여자","고졸","그외"
"411",915,608307,17249,"여자","대졸","그외"
"412",916,517241,24544,"남자","대학원졸","그외"
"413",918,276365,21004,"남자","대졸","그외"
"414",922,373529,11608,"남자","대졸","그외"
"415",923,313458,17654,"남자","대졸","서울"
"416",924,1114044,45978,"여자","대학원졸","서울"
"417",925,263565,5920,"남자","대졸","그외"
"418",928,398557,16153,"남자","대졸","그외"
"419",929,618269,24272,"남자","고졸","그외"
"420",930,138598,10350,"남자","대학원졸","서울"
"421",931,1279846,61711,"여자","고졸","그외"
"422",932,401902,9106,"남자","대졸","그외"
"423",936,386274,20608,"남자","고졸","서울"
"424",938,407436,13740,"남자","대학원졸","서울"
"425",942,573626,11349,"남자","대졸","서울"
"426",943,743389,42030,"여자","고졸","서울"
"427",944,888397,44158,"여자","대졸","그외"
"428",949,496496,30072,"여자","대졸","서울"
"429",951,57969,3177,"여자","고졸","그외"
"430",954,957084,40850,"남자","고졸","서울"
"431",956,619645,14725,"여자","고졸","서울"
"432",957,176724,6237,"여자","대졸","서울"
"433",958,418388,27051,"남자","대졸","그외"
"434",961,363167,25729,"남자","대졸","서울"
"435",962,60181,2984,"여자","고졸","그외"
"436",963,302099,22648,"남자","중졸이하","그외"
"437",964,162980,6156,"여자","대졸","그외"
"438",965,485214,20934,"여자","대졸","서울"
"439",966,99296,3050,"남자","대졸","그외"
"440",967,478287,23279,"여자","대졸","그외"
"441",972,88778,3567,"여자","대학원졸","서울"
"442",973,133827,6754,"여자","대졸","그외"
"443",974,568125,21499,"남자","대졸","그외"
"444",975,1098624,59881,"남자","고졸","서울"
"445",981,230813,8228,"남자","중졸이하","그외"
"446",982,100669,5405,"여자","대졸","서울"
"447",984,337272,12696,"남자","대졸","서울"
"448",987,622459,13633,"남자","대학원졸","그외"
"449",989,827965,36113,"여자","대졸","서울"
"450",991,668160,22170,"여자","대졸","서울"
"451",994,351729,13174,"여자","대졸","그외"
"452",995,367850,12949,"여자","대졸","서울"
"453",998,343942,17086,"남자","대졸","그외"
"454",1000,1048746,25761,"여자","고졸","서울"
"455",1002,946230,32045,"남자","대졸","그외"
"456",1003,885021,34024,"여자","고졸","서울"
"457",1005,397541,14441,"여자","대졸","그외"
"458",1006,138740,10651,"남자","대졸","그외"
"459",1011,800761,42083,"남자","대졸","서울"
"460",1015,1194263,62689,"남자","대학원졸","서울"
"461",1016,796945,36876,"남자","고졸","그외"
"462",1017,214180,9788,"여자","대졸","서울"
"463",1018,941151,52147,"여자","대졸","서울"
"464",1021,196572,10470,"남자","대졸","그외"
"465",1023,342364,12795,"남자","대졸","그외"
"466",1026,168219,5947,"남자","중졸이하","서울"
"467",1031,137625,6750,"남자","대졸","그외"
"468",1032,151584,5209,"여자","대졸","서울"
"469",1034,560835,23704,"여자","대졸","서울"
"470",1036,428076,13660,"여자","대졸","그외"
"471",1042,474261,16146,"남자","대졸","서울"
"472",1043,174730,7142,"여자","대졸","서울"
"473",1048,335650,34822,"여자","대졸","서울"
"474",1049,101927,5452,"남자","대졸","서울"
"475",1050,1185107,38744,"남자","고졸","서울"
"476",1052,873078,33386,"여자","고졸","그외"
"477",1053,451710,14405,"남자","대졸","서울"
"478",1054,165922,7145,"남자","대졸","서울"
"479",1055,261062,10369,"남자","대졸","그외"
"480",1056,320,4521,"남자","대학원졸","그외"
"481",1058,754412,26887,"여자","대졸","서울"
"482",1060,848299,32960,"남자","대졸","그외"
"483",1062,691895,60768,"남자","대학원졸","서울"
"484",1069,366272,18053,"여자","대졸","그외"
"485",1076,696056,24706,"남자","대졸","그외"
"486",1079,730673,29484,"남자","대졸","서울"
"487",1080,272582,14305,"남자","대졸","그외"
"488",1081,269522,14869,"여자","대졸","그외"
"489",1083,322961,12304,"남자","대학원졸","그외"
"490",1086,803536,37728,"여자","대졸","그외"
"491",1089,156477,5323,"여자","고졸","그외"
"492",1091,326636,16274,"여자","대졸","서울"
"493",1092,383202,16168,"남자","고졸","그외"
"494",1093,826158,26113,"남자","고졸","서울"
"495",1095,619790,30409,"여자","대졸","서울"
"496",1096,177719,11346,"여자","고졸","그외"
"497",1097,302630,12272,"여자","대졸","서울"
"498",1102,1048491,46218,"남자","고졸","서울"
"499",1103,414556,16122,"여자","대졸","서울"
"500",1107,865950,42081,"여자","대학원졸","서울"
"501",1109,481406,18583,"남자","대졸","서울"
"502",1111,148871,6413,"남자","고졸","그외"
"503",1113,639214,39184,"여자","대졸","서울"
"504",1115,749615,31034,"여자","대졸","그외"
"505",1117,179443,8915,"여자","대졸","그외"
"506",1122,742927,27485,"남자","대졸","서울"
"507",1123,410415,21188,"여자","대학원졸","서울"
"508",1125,441084,9682,"여자","고졸","서울"
"509",1135,507307,13897,"남자","대졸","그외"
"510",1139,126666,5631,"여자","대졸","서울"
"511",1140,100530,4182,"여자","고졸","서울"
"512",1141,673612,29643,"여자","대졸","그외"
"513",1142,293779,12219,"남자","고졸","그외"
"514",1143,281811,12238,"여자","대졸","그외"
"515",1147,196934,14075,"남자","대졸","그외"
"516",1150,216914,7433,"남자","대졸","그외"
"517",1151,1567372,68684,"남자","대졸","서울"
"518",1153,736642,44192,"남자","대졸","서울"
"519",1154,126792,3994,"여자","대졸","그외"
"520",1155,191032,7546,"남자","대졸","그외"
"521",1157,230165,10613,"남자","대졸","그외"
"522",1159,260186,16742,"여자","고졸","그외"
"523",1167,1235708,40445,"남자","대졸","서울"
"524",1168,498363,15695,"남자","대졸","그외"
"525",1169,769320,27729,"여자","대졸","서울"
"526",1174,314697,15718,"남자","대졸","서울"
"527",1175,1535917,71961,"남자","대학원졸","서울"
"528",1176,78049,2388,"남자","대졸","그외"
"529",1178,326361,21071,"남자","대졸","그외"
"530",1181,897114,39724,"남자","고졸","서울"
"531",1182,679864,37166,"남자","고졸","서울"
"532",1186,344124,13579,"남자","고졸","그외"
"533",1189,956328,29891,"여자","고졸","서울"
"534",1191,710435,32485,"남자","대졸","그외"
"535",1192,95081,3092,"남자","대졸","그외"
"536",1194,289125,10312,"남자","대졸","그외"
"537",1196,218238,9157,"남자","대졸","그외"
"538",1198,371578,16203,"남자","대졸","그외"
"539",1199,764952,33601,"여자","고졸","서울"
"540",1202,191599,6441,"여자","고졸","서울"
"541",1205,814601,34045,"여자","고졸","서울"
"542",1207,1595852,60371,"남자","대졸","그외"
"543",1210,454609,33172,"여자","대졸","그외"
"544",1212,668824,26007,"여자","대졸","그외"
"545",1213,214747,12131,"남자","대졸","그외"
"546",1214,668956,24132,"남자","대졸","서울"
"547",1215,451425,36006,"여자","대졸","서울"
"548",1216,1179842,35578,"남자","대졸","서울"
"549",1219,406310,20189,"남자","고졸","서울"
"550",1220,81698,6312,"남자","대졸","그외"
"551",1221,390367,25234,"남자","대졸","서울"
"552",1223,177642,7632,"여자","고졸","그외"
"553",1224,356028,16146,"남자","중졸이하","그외"
"554",1225,847069,42120,"여자","고졸","서울"
"555",1226,488442,28536,"남자","대졸","그외"
"556",1228,311475,13987,"여자","고졸","서울"
"557",1229,525432,16135,"남자","대졸","그외"
"558",1230,244654,16716,"여자","대졸","그외"
"559",1232,429595,23684,"남자","대졸","서울"
"560",1233,243249,11069,"남자","대졸","그외"
"561",1234,909509,42522,"여자","대졸","그외"
"562",1237,192214,8546,"남자","대졸","그외"
"563",1243,335833,16346,"여자","대졸","그외"
"564",1248,1773343,54326,"남자","대졸","서울"
"565",1250,728841,32592,"여자","대학원졸","서울"
"566",1256,313872,10585,"여자","대졸","그외"
"567",1257,691735,33843,"남자","고졸","그외"
"568",1261,1086964,41329,"여자","대졸","서울"
"569",1262,861649,34974,"여자","대학원졸","서울"
"570",1273,51763,2280,"남자","대졸","그외"
"571",1274,1062357,34219,"남자","대졸","서울"
"572",1275,262407,7364,"남자","중졸이하","그외"
"573",1276,242888,8475,"남자","대졸","그외"
"574",1277,293023,12192,"여자","고졸","그외"
"575",1280,291919,33077,"남자","대졸","그외"
"576",1282,221482,10305,"남자","고졸","그외"
"577",1286,227185,11567,"여자","대졸","그외"
"578",1287,236454,8817,"남자","대졸","그외"
"579",1294,127223,2640,"남자","대졸","그외"
"580",1295,381721,30984,"여자","고졸","서울"
"581",1297,164753,12288,"남자","중졸이하","그외"
"582",1298,1022885,40279,"남자","고졸","서울"
"583",1299,191236,5823,"남자","대졸","그외"
"584",1301,240015,5384,"남자","대졸","서울"
"585",1304,276364,10825,"남자","대졸","서울"
"586",1305,644952,33811,"여자","고졸","서울"
"587",1308,755488,35423,"남자","대졸","서울"
"588",1313,400377,15757,"남자","고졸","그외"
"589",1314,304120,11563,"남자","대학원졸","서울"
"590",1315,325560,15411,"여자","대졸","그외"
"591",1316,627062,19090,"남자","대학원졸","그외"
"592",1324,436231,20917,"여자","고졸","그외"
"593",1326,444011,10162,"남자","고졸","그외"
"594",1329,254126,9226,"여자","대졸","그외"
"595",1331,53659,2800,"남자","고졸","그외"
"596",1332,1096190,39886,"여자","대졸","서울"
"597",1334,704879,29228,"남자","대졸","그외"
"598",1335,737799,27799,"여자","대졸","서울"
"599",1336,94560,3054,"남자","대졸","서울"
"600",1339,439998,20142,"여자","대학원졸","서울"
"601",1340,375409,7121,"남자","대졸","그외"
"602",1342,397592,29545,"여자","대졸","서울"
"603",1347,273946,16323,"남자","대졸","그외"
"604",1348,114924,4657,"여자","대졸","그외"
"605",1350,459026,13557,"여자","대졸","서울"
"606",1353,675328,26992,"남자","대졸","그외"
"607",1354,1047619,34100,"여자","대졸","서울"
"608",1356,235507,7742,"남자","대졸","그외"
"609",1357,127495,3275,"남자","대학원졸","그외"
"610",1358,650377,12386,"남자","대졸","그외"
"611",1359,334705,12395,"남자","고졸","그외"
"612",1360,93588,4660,"남자","중졸이하","그외"
"613",1363,1094614,29710,"남자","대졸","서울"
"614",1365,271034,10550,"여자","대졸","서울"
"615",1368,637156,22416,"남자","대졸","그외"
"616",1371,751593,32401,"남자","대졸","서울"
"617",1373,1383069,56951,"남자","대졸","서울"
"618",1375,263414,18381,"여자","대졸","그외"
"619",1376,268831,9572,"남자","고졸","그외"
"620",1386,220686,6862,"남자","대졸","그외"
"621",1390,66975,5714,"남자","대졸","서울"
"622",1392,304726,17347,"남자","중졸이하","그외"
"623",1393,283070,12951,"남자","고졸","서울"
"624",1397,158498,8858,"남자","대졸","그외"
"625",1398,501618,19439,"여자","대졸","서울"
"626",1399,828597,32159,"여자","대졸","그외"
"627",1401,252417,12540,"남자","대졸","그외"
"628",1405,1233697,37356,"남자","고졸","서울"
"629",1408,398089,10169,"남자","고졸","그외"
"630",1409,1514659,69432,"남자","고졸","서울"
"631",1410,762577,40948,"여자","대졸","서울"
"632",1412,147447,4973,"여자","대졸","서울"
"633",1416,281626,8088,"여자","대학원졸","그외"
"634",1418,686000,26390,"여자","대학원졸","서울"
"635",1420,653522,24579,"여자","대졸","그외"
"636",1421,26830,1022,"남자","고졸","그외"
"637",1422,244449,9203,"남자","대학원졸","그외"
"638",1424,852814,28700,"남자","대졸","그외"
"639",1425,91838,10324,"여자","고졸","그외"
"640",1427,139804,4672,"남자","대졸","서울"
"641",1428,187690,11583,"남자","대졸","그외"
"642",1429,415311,17480,"여자","대학원졸","서울"
"643",1435,312840,15912,"여자","대졸","그외"
"644",1436,127150,6760,"여자","대졸","서울"
"645",1440,223456,6837,"남자","고졸","그외"
"646",1441,274078,15402,"남자","고졸","서울"
"647",1442,329117,10751,"남자","고졸","서울"
"648",1443,130361,5265,"여자","고졸","서울"
"649",1445,743132,27828,"남자","고졸","그외"
"650",1446,630422,7054,"여자","대학원졸","서울"
"651",1447,111904,10213,"남자","고졸","그외"
"652",1450,607779,30246,"여자","고졸","서울"
"653",1451,212446,10854,"남자","대학원졸","그외"
"654",1452,1265640,36356,"남자","고졸","서울"
"655",1453,279132,9019,"남자","대졸","그외"
"656",1454,521680,25155,"여자","고졸","서울"
"657",1457,844827,29390,"여자","대학원졸","그외"
"658",1458,456253,15248,"남자","대졸","그외"
"659",1460,363698,18817,"남자","고졸","서울"
"660",1461,352451,8586,"남자","대졸","그외"
"661",1462,298179,11545,"여자","고졸","그외"
"662",1463,521989,28487,"여자","고졸","서울"
"663",1464,258207,10848,"남자","대졸","서울"
"664",1466,178813,6818,"남자","대졸","그외"
"665",1468,1355274,61163,"여자","대졸","서울"
"666",1470,432814,23507,"남자","고졸","서울"
"667",1471,441663,28338,"남자","대학원졸","서울"
"668",1472,484468,32025,"남자","대졸","그외"
"669",1473,191971,8984,"여자","고졸","그외"
"670",1479,444375,19652,"여자","대졸","그외"
"671",1483,479307,14902,"남자","고졸","그외"
"672",1484,655170,32725,"여자","대졸","서울"
"673",1487,155653,11693,"남자","고졸","서울"
"674",1489,1014608,34003,"남자","대졸","서울"
"675",1490,178599,9507,"여자","대졸","서울"
"676",1491,1404885,63829,"여자","대졸","서울"
"677",1495,113354,2936,"남자","대졸","그외"
"678",1498,642028,29658,"남자","고졸","그외"
"679",1499,649332,29066,"남자","대학원졸","그외"
"680",1504,479591,19105,"남자","대졸","서울"
"681",1505,629309,21003,"남자","대졸","그외"
"682",1506,561305,14028,"여자","대졸","그외"
"683",1513,596759,21310,"여자","대학원졸","그외"
"684",1516,725736,23797,"남자","대졸","그외"
"685",1520,545394,12144,"남자","대졸","그외"
"686",1523,773995,33866,"여자","고졸","서울"
"687",1524,453765,19588,"남자","대졸","서울"
"688",1527,154825,6047,"여자","대졸","그외"
"689",1529,495821,8042,"남자","대졸","그외"
"690",1531,130914,5765,"남자","대학원졸","그외"
"691",1533,1575208,41181,"여자","대졸","서울"
"692",1534,163509,6598,"여자","대졸","서울"
"693",1539,246958,8451,"여자","대졸","그외"
"694",1542,390727,21506,"여자","대학원졸","그외"
"695",1543,988463,45086,"여자","대졸","서울"
"696",1546,58391,3169,"여자","대졸","그외"
"697",1548,1420746,62883,"남자","고졸","서울"
"698",1551,346807,10788,"남자","대졸","그외"
"699",1555,417390,24300,"남자","고졸","서울"
"700",1558,316389,11976,"여자","대졸","서울"
"701",1559,791692,28342,"여자","대졸","서울"
"702",1562,380119,17615,"남자","대졸","그외"
"703",1564,544381,25053,"여자","고졸","서울"
"704",1565,675425,31013,"남자","고졸","그외"
"705",1571,1223871,24345,"남자","대학원졸","그외"
"706",1575,318901,17597,"남자","대졸","서울"
"707",1578,373637,14398,"남자","고졸","서울"
"708",1579,257613,7324,"남자","대졸","그외"
"709",1582,653332,34379,"남자","대졸","그외"
"710",1583,501754,17425,"남자","중졸이하","그외"
"711",1584,122316,3150,"여자","고졸","그외"
"712",1590,351559,19432,"여자","대졸","서울"
"713",1591,150131,8637,"남자","대학원졸","그외"
"714",1592,118034,2823,"남자","대졸","그외"
"715",1594,768235,21846,"남자","고졸","서울"
"716",1595,75232,4381,"남자","고졸","서울"
"717",1598,326110,9683,"남자","대졸","서울"
"718",1601,919553,36614,"여자","대졸","서울"
"719",1602,528534,23145,"남자","대졸","서울"
"720",1605,92985,3165,"여자","대졸","서울"
"721",1606,700565,23000,"여자","대졸","서울"
"722",1607,700340,22910,"여자","대졸","그외"
"723",1610,274316,15994,"남자","대학원졸","그외"
"724",1614,677052,30387,"여자","대졸","서울"
"725",1615,145954,4627,"여자","고졸","서울"
"726",1622,502049,22142,"여자","대졸","서울"
"727",1623,206359,7685,"여자","대학원졸","그외"
"728",1625,414176,14581,"남자","대졸","그외"
"729",1627,148462,9069,"남자","대졸","서울"
"730",1628,259797,9647,"남자","고졸","서울"
"731",1630,625505,37609,"여자","대졸","서울"
"732",1631,208001,10924,"여자","고졸","서울"
"733",1633,424525,24479,"남자","대학원졸","서울"
"734",1636,138129,4999,"여자","대졸","서울"
"735",1643,302607,13511,"남자","고졸","그외"
"736",1645,199123,7985,"남자","대졸","서울"
"737",1647,172387,9812,"여자","대졸","그외"
"738",1650,131796,5356,"남자","대졸","그외"
"739",1654,954187,22284,"남자","고졸","서울"
"740",1657,188753,20186,"여자","고졸","그외"
"741",1658,393331,14513,"남자","대졸","그외"
"742",1661,292931,10283,"여자","대학원졸","그외"
"743",1666,505012,23024,"남자","고졸","그외"
"744",1668,176977,7811,"여자","대졸","서울"
"745",1670,259558,15160,"남자","대졸","서울"
"746",1672,240785,11144,"여자","대졸","서울"
"747",1675,529925,20024,"남자","대학원졸","그외"
"748",1676,369193,16722,"여자","대졸","서울"
"749",1678,569152,24753,"여자","대학원졸","서울"
"750",1679,176187,7433,"여자","대졸","그외"
"751",1680,506382,22740,"남자","대졸","그외"
"752",1681,109537,5892,"남자","대졸","그외"
"753",1688,63951,3155,"남자","대졸","그외"
"754",1690,266104,10840,"여자","대졸","그외"
"755",1695,676098,27560,"남자","고졸","그외"
"756",1700,703256,12182,"남자","고졸","그외"
"757",1701,187944,6924,"여자","대졸","그외"
"758",1702,232696,8771,"남자","대졸","서울"
"759",1703,1145642,44393,"남자","대졸","서울"
"760",1704,386686,13877,"여자","대학원졸","서울"
"761",1709,601336,26262,"여자","대졸","그외"
"762",1713,422099,15339,"남자","고졸","그외"
"763",1714,139229,6960,"여자","대학원졸","서울"
"764",1715,231330,6266,"여자","고졸","서울"
"765",1716,660597,48127,"여자","대졸","그외"
"766",1720,812099,28153,"여자","고졸","서울"
"767",1722,756353,21555,"남자","대학원졸","그외"
"768",1724,1052385,39008,"남자","고졸","그외"
"769",1727,297397,13840,"여자","대졸","서울"
"770",1728,246185,10228,"남자","대졸","그외"
"771",1730,423486,12937,"남자","대졸","그외"
"772",1731,332798,22628,"여자","대졸","서울"
"773",1732,568195,39573,"남자","중졸이하","그외"
"774",1733,440105,17652,"남자","대졸","서울"
"775",1740,470255,20086,"남자","대졸","그외"
"776",1741,404528,12555,"남자","대졸","그외"
"777",1742,288139,16557,"여자","대졸","그외"
"778",1747,159518,7446,"여자","대학원졸","서울"
"779",1748,363991,17097,"남자","대졸","그외"
"780",1749,1014214,40331,"여자","대졸","서울"
"781",1750,761702,58520,"여자","대학원졸","서울"
"782",1752,720411,35532,"남자","고졸","서울"
"783",1759,555105,26282,"남자","대졸","서울"
"784",1760,518280,25464,"남자","대졸","서울"
"785",1765,700508,15157,"남자","대졸","서울"
"786",1766,273851,10438,"남자","대졸","그외"
"787",1768,2705565,37248,"여자","대학원졸","서울"
"788",1774,1095668,40842,"여자","대졸","서울"
"789",1776,418177,18344,"남자","대졸","그외"
"790",1777,150156,4034,"여자","대학원졸","그외"
"791",1780,123005,3426,"남자","고졸","그외"
"792",1781,411787,17920,"남자","대졸","그외"
"793",1782,325898,13206,"남자","대학원졸","서울"
"794",1783,60061,2220,"여자","대졸","그외"
"795",1785,269742,10932,"여자","대졸","그외"
"796",1786,240059,9343,"남자","대학원졸","그외"
"797",1791,261192,8584,"남자","대졸","그외"
"798",1792,1526892,37419,"여자","대졸","서울"
"799",1794,361251,23019,"여자","대졸","서울"
"800",1795,287835,11041,"남자","고졸","그외"
"801",1799,324153,16649,"남자","대졸","그외"
"802",1800,811274,24770,"남자","고졸","서울"
"803",1801,991328,29130,"남자","대학원졸","그외"
"804",1807,337746,8377,"여자","고졸","서울"
"805",1809,482185,13721,"여자","대졸","그외"
"806",1810,582159,33037,"여자","대졸","그외"
"807",1812,1913039,31137,"여자","고졸","서울"
"808",1814,79530,3223,"남자","고졸","그외"
"809",1816,143520,11765,"남자","고졸","서울"
"810",1818,593026,19205,"남자","대졸","그외"
"811",1819,624051,26269,"남자","고졸","서울"
"812",1822,263017,15267,"남자","대학원졸","그외"
"813",1823,611563,25797,"남자","대졸","그외"
"814",1829,1297364,57972,"남자","고졸","그외"
"815",1830,663183,40738,"여자","대졸","서울"
"816",1835,1119902,61000,"남자","대졸","서울"
"817",1839,395558,16678,"여자","대학원졸","서울"
"818",1842,679144,37444,"여자","대졸","서울"
"819",1843,229300,13818,"남자","고졸","서울"
"820",1844,315696,17873,"여자","고졸","그외"
"821",1846,134880,8633,"남자","대졸","그외"
"822",1848,1051115,58005,"남자","대학원졸","서울"
"823",1849,434311,15988,"남자","대졸","서울"
"824",1853,1590850,67885,"여자","대졸","그외"
"825",1854,693264,40069,"여자","대졸","서울"
"826",1855,204800,8258,"남자","고졸","그외"
"827",1856,483825,23267,"여자","대졸","서울"
"828",1857,62366,2736,"남자","대졸","그외"
"829",1863,344354,13000,"남자","대졸","그외"
"830",1864,386417,18742,"남자","고졸","서울"
"831",1866,162524,8727,"여자","대졸","서울"
"832",1867,130126,8238,"남자","대졸","서울"
"833",1878,288647,14808,"여자","대졸","그외"
"834",1879,688158,30659,"남자","고졸","그외"
"835",1880,49000,765,"여자","고졸","서울"
"836",1881,675467,26677,"남자","대졸","그외"
"837",1882,413946,22494,"여자","고졸","서울"
"838",1885,1172789,69103,"남자","대졸","서울"
"839",1886,589666,26147,"여자","대졸","그외"
"840",1888,211932,11345,"여자","대졸","그외"
"841",1889,1646092,35540,"남자","대졸","서울"
"842",1895,483820,16650,"여자","대졸","그외"
"843",1896,1158632,48076,"여자","대학원졸","서울"
"844",1899,420902,19043,"남자","대학원졸","서울"
"845",1900,830880,44562,"여자","대졸","그외"
"846",1911,1466681,49870,"여자","대졸","서울"
"847",1913,491165,21339,"여자","대졸","그외"
"848",1916,332864,18524,"남자","대학원졸","그외"
"849",1921,550680,19788,"남자","고졸","서울"
"850",1922,355507,25625,"남자","대졸","서울"
"851",1924,417396,12178,"남자","고졸","서울"
"852",1925,358497,14052,"여자","대졸","그외"
"853",1934,404334,22960,"남자","고졸","서울"
"854",1936,161420,8149,"남자","고졸","그외"
"855",1938,1052068,75350,"여자","대졸","그외"
"856",1939,395494,15057,"남자","대졸","그외"
"857",1941,473592,17098,"남자","대졸","그외"
"858",1942,728432,34518,"여자","대졸","서울"
"859",1943,335112,14156,"남자","대졸","그외"
"860",1945,1037944,33980,"남자","대학원졸","서울"
"861",1946,667075,19032,"남자","대졸","그외"
"862",1948,254323,12754,"여자","대졸","그외"
"863",1949,814860,31388,"남자","대학원졸","서울"
"864",1951,1017756,33832,"남자","대학원졸","그외"
"865",1953,217122,7544,"여자","대학원졸","서울"
"866",1960,490726,14734,"남자","대졸","그외"
"867",1962,284552,8281,"여자","고졸","서울"
"868",1973,567187,27475,"남자","고졸","서울"
"869",1975,199777,8132,"여자","고졸","서울"
"870",1976,108989,4647,"남자","대졸","그외"
"871",1978,644909,24875,"남자","대졸","서울"
"872",1979,108256,3640,"남자","대학원졸","그외"
"873",1984,239201,13124,"여자","대졸","그외"
"874",1988,355031,10228,"남자","대졸","그외"
"875",1989,345737,15137,"여자","대졸","그외"
"876",1992,294142,19862,"남자","대학원졸","그외"
"877",1993,396801,12387,"남자","대졸","그외"
"878",1994,153871,6982,"남자","대졸","서울"
"879",2000,1069676,53391,"여자","대졸","그외"
"880",2002,155487,4929,"남자","대학원졸","그외"
"881",2004,757557,39942,"여자","대졸","그외"
"882",2005,521867,18932,"남자","대졸","그외"
"883",2006,614250,23760,"남자","고졸","그외"
"884",2008,488118,25901,"남자","대학원졸","그외"
"885",2011,121504,3771,"여자","고졸","그외"
"886",2012,136372,7358,"남자","고졸","서울"
"887",2013,535045,20015,"남자","대학원졸","그외"
"888",2016,180180,11045,"여자","대졸","서울"
"889",2017,990545,42541,"남자","고졸","서울"
"890",2019,927026,28736,"여자","대졸","서울"
"891",2023,270746,9177,"남자","대졸","그외"
"892",2024,372571,15245,"남자","고졸","그외"
"893",2025,469735,14706,"남자","대학원졸","그외"
"894",2030,464235,30716,"남자","대졸","서울"
"895",2032,694526,31649,"남자","대졸","서울"
"896",2033,297519,12979,"남자","고졸","그외"
"897",2042,165556,8473,"남자","중졸이하","그외"
"898",2043,67732,2243,"남자","대졸","그외"
"899",2044,155370,5695,"남자","대졸","그외"
"900",2045,1140914,39900,"남자","고졸","서울"
"901",2046,525575,16422,"여자","대졸","그외"
"902",2049,129733,5152,"남자","고졸","그외"
"903",2053,487220,19540,"여자","대졸","서울"
"904",2059,624825,25896,"남자","대졸","서울"
"905",2060,434656,16967,"여자","대학원졸","서울"
"906",2065,778725,24515,"여자","대졸","그외"
"907",2066,580385,24657,"남자","대졸","그외"
"908",2069,50012,2337,"여자","대학원졸","그외"
"909",2071,25355,1219,"여자","대졸","그외"
"910",2072,403452,11145,"남자","대졸","서울"
"911",2073,377783,14577,"여자","대학원졸","서울"
"912",2076,313733,11009,"여자","대졸","그외"
"913",2081,688291,33908,"남자","고졸","서울"
"914",2084,505397,27943,"남자","대졸","서울"
"915",2086,275195,6916,"남자","대졸","그외"
"916",2088,1482794,47973,"여자","대졸","서울"
"917",2089,148932,6159,"여자","고졸","서울"
"918",2092,71034,3242,"남자","대졸","서울"
"919",2095,832491,27035,"남자","대졸","그외"
"920",2096,321462,9718,"여자","대졸","그외"
"921",2100,823253,43559,"여자","대졸","서울"
"922",2101,452786,18532,"남자","대졸","그외"
"923",2104,105510,4054,"여자","대졸","서울"
"924",2109,337072,10807,"여자","대학원졸","서울"
"925",2110,146555,9121,"남자","고졸","그외"
"926",2113,867166,66361,"여자","대졸","서울"
"927",2114,1422370,54180,"여자","대학원졸","서울"
"928",2115,395519,33879,"남자","고졸","서울"
"929",2116,587217,24351,"남자","대졸","그외"
"930",2117,637866,20764,"여자","대졸","그외"
"931",2118,918890,22527,"남자","고졸","서울"
"932",2120,104236,4532,"여자","대졸","그외"
"933",2121,397469,11419,"여자","고졸","서울"
"934",2122,199116,10682,"남자","대졸","그외"
"935",2123,115203,4118,"남자","고졸","그외"
"936",2128,481746,15214,"남자","고졸","그외"
"937",2129,307247,11502,"남자","대졸","그외"
"938",2135,94052,3711,"여자","대졸","그외"
"939",2137,184195,9118,"남자","대졸","그외"
"940",2138,808212,35429,"남자","대졸","서울"
"941",2142,384604,12048,"여자","대학원졸","서울"
"942",2144,81478,4888,"남자","대졸","그외"
"943",2152,104766,6044,"남자","고졸","그외"
"944",2153,295314,13342,"남자","고졸","그외"
"945",2154,49775,3846,"남자","대졸","그외"
"946",2156,202873,6663,"남자","대졸","그외"
"947",2160,978777,27106,"남자","고졸","그외"
"948",2163,693644,31371,"남자","대학원졸","서울"
"949",2166,457894,16002,"여자","대졸","그외"
"950",2168,339498,12844,"남자","대졸","그외"
"951",2169,1304557,51675,"남자","대졸","서울"
"952",2170,524102,38311,"남자","고졸","그외"
"953",2171,311449,14952,"여자","대졸","서울"
"954",2176,58112,5639,"남자","대졸","그외"
"955",2177,469579,17218,"여자","대졸","그외"
"956",2178,846036,37071,"남자","대학원졸","서울"
"957",2179,300841,15858,"여자","대졸","그외"
"958",2180,277603,15521,"남자","대학원졸","그외"
"959",2184,178189,5326,"남자","대졸","그외"
"960",2185,184268,6781,"여자","대졸","서울"
"961",2186,550302,22914,"남자","대졸","그외"
"962",2189,685947,19926,"여자","대졸","서울"
"963",2190,459315,13126,"여자","대졸","서울"
"964",2196,905119,41762,"남자","대학원졸","서울"
"965",2197,118945,4024,"여자","대졸","그외"
"966",2198,252512,15051,"남자","중졸이하","그외"
"967",2200,682903,35413,"남자","대졸","그외"
"968",2201,493834,29171,"여자","대졸","그외"
"969",2203,446087,28653,"남자","대졸","서울"
"970",2205,500273,18837,"남자","대졸","그외"
"971",2207,518192,13485,"여자","고졸","서울"
"972",2208,325685,11243,"남자","대학원졸","그외"
"973",2209,226309,9551,"여자","대졸","그외"
"974",2210,737585,38863,"여자","대졸","그외"
"975",2212,798524,37629,"남자","대졸","서울"
"976",2215,721339,32714,"여자","고졸","서울"
"977",2218,210686,16674,"여자","대졸","그외"
"978",2219,361793,14404,"남자","고졸","그외"
"979",2221,1017351,50580,"여자","대졸","서울"
"980",2222,540288,14957,"남자","대졸","그외"
"981",2227,476893,29852,"여자","대졸","서울"
"982",2228,529662,17831,"여자","대졸","서울"
"983",2230,324367,13478,"여자","대학원졸","서울"
"984",2234,312602,14507,"남자","대학원졸","그외"
"985",2236,154494,5595,"남자","고졸","그외"
"986",2237,1461171,44069,"남자","대졸","서울"
"987",2239,850094,45203,"여자","대졸","서울"
"988",2240,348796,12623,"남자","고졸","그외"
"989",2241,820113,26638,"남자","대졸","서울"
"990",2245,561753,24761,"여자","대졸","그외"
"991",2247,391642,11757,"남자","대졸","서울"
"992",2249,108616,6448,"남자","대졸","서울"
"993",2255,163620,6855,"남자","대졸","그외"
"994",2257,80752,4043,"여자","고졸","서울"
"995",2260,227380,11999,"남자","대졸","그외"
"996",2261,247100,7019,"여자","고졸","서울"
"997",2264,1708820,34597,"남자","대학원졸","그외"
"998",2265,411966,22973,"남자","대졸","그외"
"999",2267,1025644,61017,"여자","고졸","서울"
"1000",2272,684290,37352,"남자","대졸","그외"
"1001",2273,274175,12813,"남자","고졸","그외"
"1002",2281,882402,13725,"남자","고졸","그외"
"1003",2282,238768,10113,"여자","대졸","그외"
"1004",2283,280951,20388,"남자","중졸이하","서울"
"1005",2284,419159,10099,"남자","대졸","그외"
"1006",2285,296842,17281,"남자","대졸","서울"
"1007",2287,405922,35141,"남자","고졸","서울"
"1008",2289,200706,9533,"여자","고졸","서울"
"1009",2291,45941,2700,"여자","대학원졸","서울"
"1010",2295,193839,6237,"남자","대졸","그외"
"1011",2296,378701,13271,"여자","대졸","서울"
"1012",2298,578901,17764,"여자","고졸","그외"
"1013",2299,1084077,29718,"남자","대졸","그외"
"1014",2300,227309,9145,"남자","대졸","그외"
"1015",2303,179204,13590,"여자","대졸","그외"
"1016",2305,955842,35378,"남자","대학원졸","그외"
"1017",2312,188297,18279,"여자","고졸","그외"
"1018",2316,755090,54481,"남자","대졸","서울"
"1019",2317,1258686,34544,"남자","대졸","서울"
"1020",2319,239039,7563,"여자","대졸","그외"
"1021",2320,264609,13612,"여자","고졸","서울"
"1022",2321,641246,11860,"여자","대졸","서울"
"1023",2330,316657,13049,"여자","고졸","그외"
"1024",2332,869858,27256,"남자","대졸","서울"
"1025",2333,496255,21346,"여자","대졸","서울"
"1026",2335,548336,29953,"남자","대졸","그외"
"1027",2336,852733,28348,"남자","고졸","그외"
"1028",2337,573095,38033,"남자","대졸","그외"
"1029",2339,135660,4612,"여자","대졸","그외"
"1030",2340,438522,19952,"여자","대졸","서울"
"1031",2342,224856,6309,"여자","대졸","그외"
"1032",2343,503363,28592,"남자","고졸","서울"
"1033",2345,388125,14710,"여자","대졸","서울"
"1034",2353,114023,4266,"여자","대졸","서울"
"1035",2358,193359,5570,"남자","대졸","그외"
"1036",2362,248650,7351,"남자","대학원졸","그외"
"1037",2366,246616,9126,"남자","고졸","그외"
"1038",2371,659297,31501,"여자","대졸","서울"
"1039",2372,348472,12892,"여자","대졸","서울"
"1040",2380,487411,36753,"남자","대학원졸","서울"
"1041",2381,506772,26136,"남자","대학원졸","그외"
"1042",2382,504324,35575,"남자","고졸","그외"
"1043",2385,242589,8554,"남자","대졸","그외"
"1044",2395,594156,41624,"남자","대학원졸","서울"
"1045",2398,306989,12756,"여자","대학원졸","그외"
"1046",2400,676969,14691,"남자","대졸","그외"
"1047",2406,358360,19660,"남자","대졸","그외"
"1048",2407,409406,16975,"여자","대학원졸","서울"
"1049",2408,511082,21034,"여자","대졸","서울"
"1050",2409,206785,12108,"남자","고졸","서울"
"1051",2410,321905,7378,"남자","대졸","그외"
"1052",2411,855885,19629,"남자","대졸","그외"
"1053",2412,972411,51601,"남자","대졸","그외"
"1054",2415,1861929,59164,"남자","대졸","서울"
"1055",2416,456821,30068,"여자","고졸","서울"
"1056",2418,669091,35935,"여자","대졸","서울"
"1057",2419,2371173,63348,"남자","대학원졸","서울"
"1058",2420,200019,5603,"남자","대졸","그외"
"1059",2422,128715,7664,"남자","대졸","그외"
"1060",2426,942155,46751,"남자","대졸","서울"
"1061",2428,340483,15837,"여자","대학원졸","서울"
"1062",2429,132471,5965,"여자","대졸","서울"
"1063",2430,528372,28579,"남자","대졸","서울"
"1064",2432,157016,6886,"남자","대졸","그외"
"1065",2435,599101,32893,"남자","대졸","그외"
"1066",2436,834494,25328,"여자","고졸","서울"
"1067",2446,419142,13135,"여자","대졸","그외"
"1068",2447,505784,13845,"남자","대학원졸","그외"
"1069",2448,171826,5741,"여자","고졸","그외"
"1070",2451,1325090,73628,"여자","대졸","서울"
"1071",2452,327047,9027,"여자","고졸","그외"
"1072",2453,794132,33389,"남자","고졸","서울"
"1073",2454,652442,21761,"여자","대졸","서울"
"1074",2456,98843,5352,"남자","대학원졸","그외"
"1075",2458,195156,7083,"남자","고졸","서울"
"1076",2463,991730,30810,"남자","대졸","서울"
"1077",2465,833869,35899,"남자","대졸","서울"
"1078",2466,688154,26626,"남자","대졸","그외"
"1079",2467,898446,31979,"여자","대학원졸","서울"
"1080",2468,384117,38955,"남자","고졸","서울"
"1081",2472,105872,6666,"남자","고졸","서울"
"1082",2474,333821,11948,"여자","고졸","그외"
"1083",2475,213784,13124,"남자","대졸","서울"
"1084",2477,290642,15034,"남자","고졸","그외"
"1085",2480,465506,16175,"남자","대학원졸","서울"
"1086",2482,213237,7376,"남자","중졸이하","서울"
"1087",2486,180471,15399,"남자","고졸","서울"
"1088",2489,201488,7536,"여자","대졸","서울"
"1089",2493,177696,7635,"여자","대학원졸","그외"
"1090",2494,409188,20479,"남자","고졸","서울"
"1091",2495,925589,40101,"여자","대졸","서울"
"1092",2498,606710,24179,"여자","대졸","그외"
"1093",2499,403725,12541,"남자","대졸","그외"
"1094",2501,331696,16733,"여자","대졸","그외"
"1095",2504,503878,20121,"여자","고졸","그외"
"1096",2508,183555,4616,"남자","고졸","그외"
"1097",2509,434666,22333,"남자","대졸","그외"
"1098",2516,1064334,42397,"남자","대졸","서울"
"1099",2517,337205,14925,"여자","대졸","그외"
"1100",2519,850580,35055,"여자","대졸","그외"
"1101",2520,1734987,64225,"남자","대졸","서울"
"1102",2526,1008379,30450,"남자","대졸","서울"
"1103",2529,517278,21277,"여자","대학원졸","서울"
"1104",2530,373192,8055,"남자","고졸","그외"
"1105",2532,118014,5520,"남자","대졸","그외"
"1106",2533,182406,11428,"남자","고졸","그외"
"1107",2534,239053,14033,"남자","대졸","서울"
"1108",2538,694402,38135,"여자","대학원졸","서울"
"1109",2546,335832,18053,"남자","대졸","서울"
"1110",2548,117508,4201,"여자","대졸","서울"
"1111",2550,603141,31929,"남자","대졸","서울"
"1112",2552,400914,15018,"여자","대졸","서울"
"1113",2557,636458,31222,"남자","고졸","서울"
"1114",2558,107995,7065,"남자","고졸","서울"
"1115",2560,408952,23441,"남자","고졸","그외"
"1116",2563,479552,18058,"남자","대졸","서울"
"1117",2565,773532,45391,"남자","대졸","그외"
"1118",2566,170982,7341,"남자","대졸","그외"
"1119",2569,491221,18008,"남자","대졸","그외"
"1120",2571,153652,8306,"남자","고졸","그외"
"1121",2572,1528760,48378,"남자","대졸","서울"
"1122",2574,348824,19535,"남자","고졸","서울"
"1123",2578,849070,16088,"남자","대학원졸","서울"
"1124",2582,618180,28896,"여자","대졸","서울"
"1125",2583,414963,10781,"여자","대학원졸","서울"
"1126",2586,410671,18130,"남자","대졸","그외"
"1127",2588,178456,6977,"남자","대졸","그외"
"1128",2592,495402,24544,"남자","대졸","서울"
"1129",2593,283368,17426,"남자","고졸","서울"
"1130",2594,1205141,38448,"남자","대졸","서울"
"1131",2597,425692,14834,"여자","대졸","서울"
"1132",2599,170869,8331,"남자","대학원졸","그외"
"1133",2601,476954,31865,"남자","대졸","그외"
"1134",2603,555975,18245,"남자","대졸","그외"
"1135",2609,772335,27833,"남자","대졸","그외"
"1136",2611,869158,34602,"여자","대학원졸","서울"
"1137",2614,481290,16091,"남자","대졸","서울"
"1138",2615,430893,30560,"여자","대졸","서울"
"1139",2621,566104,27039,"남자","고졸","서울"
"1140",2623,193779,7184,"여자","대졸","그외"
"1141",2625,211921,8172,"남자","대학원졸","그외"
"1142",2626,281209,12897,"남자","대졸","그외"
"1143",2628,1483951,37102,"남자","대졸","서울"
"1144",2630,654981,37330,"남자","대졸","그외"
"1145",2633,407430,27733,"여자","고졸","서울"
"1146",2634,736679,26543,"여자","대졸","서울"
"1147",2637,1017584,55131,"남자","대학원졸","서울"
"1148",2643,897026,25694,"여자","대졸","서울"
"1149",2644,538338,25891,"여자","대졸","그외"
"1150",2645,1516323,46209,"남자","대졸","서울"
"1151",2646,340658,14496,"남자","대졸","그외"
"1152",2649,653622,29119,"여자","대졸","서울"
"1153",2651,1134743,47307,"남자","대졸","서울"
"1154",2653,718109,30148,"여자","대졸","그외"
"1155",2654,780446,28649,"남자","대졸","서울"
"1156",2657,617590,32882,"여자","고졸","서울"
"1157",2659,689204,15458,"남자","대졸","서울"
"1158",2660,1207329,33028,"남자","대졸","서울"
"1159",2661,572394,19251,"여자","대학원졸","서울"
"1160",2662,1112144,40724,"남자","대학원졸","서울"
"1161",2663,608230,31930,"남자","대졸","그외"
"1162",2664,697193,54349,"남자","고졸","서울"
"1163",2665,838694,35286,"여자","대졸","그외"
"1164",2666,234468,5885,"여자","대졸","서울"
"1165",2667,195345,12159,"남자","고졸","그외"
"1166",2668,628482,35018,"여자","고졸","서울"
"1167",2672,871321,14699,"남자","대학원졸","그외"
"1168",2673,586453,21059,"남자","대졸","서울"
"1169",2675,570256,19098,"여자","고졸","서울"
"1170",2678,286865,14516,"여자","고졸","서울"
"1171",2679,343710,10712,"남자","대졸","그외"
"1172",2683,138144,10932,"여자","대졸","그외"
"1173",2685,866717,21088,"남자","대졸","서울"
"1174",2690,373839,17144,"남자","대졸","서울"
"1175",2693,385433,7975,"남자","고졸","그외"
"1176",2696,278401,12076,"여자","대졸","서울"
"1177",2697,382484,14160,"남자","대학원졸","서울"
"1178",2699,152257,6781,"여자","대졸","서울"
"1179",2702,1122961,23592,"여자","대졸","그외"
"1180",2704,236508,9900,"여자","대졸","서울"
"1181",2705,288010,9403,"여자","고졸","서울"
"1182",2706,118878,4090,"남자","대학원졸","그외"
"1183",2707,1002495,31280,"남자","고졸","서울"
"1184",2708,350166,17328,"여자","대졸","그외"
"1185",2709,151785,10275,"남자","대졸","그외"
"1186",2713,573734,20275,"여자","대졸","그외"
"1187",2714,1254955,71608,"여자","대졸","서울"
"1188",2716,754121,40882,"남자","대졸","그외"
"1189",2717,461611,29259,"남자","고졸","그외"
"1190",2718,374567,9032,"남자","대졸","그외"
"1191",2723,236951,12817,"남자","대졸","그외"
"1192",2725,372848,9088,"남자","대졸","서울"
"1193",2726,300126,14552,"남자","고졸","그외"
"1194",2727,309614,13599,"남자","대졸","그외"
"1195",2728,1039841,29894,"남자","대졸","서울"
"1196",2729,875146,32006,"여자","대졸","서울"
"1197",2732,267428,10473,"남자","대졸","서울"
"1198",2733,450466,22345,"남자","대졸","서울"
"1199",2734,553784,31299,"여자","대졸","그외"
"1200",2736,399709,22337,"남자","대졸","서울"
"1201",2737,44008,1276,"여자","중졸이하","서울"
"1202",2740,589987,45255,"여자","고졸","서울"
"1203",2741,941679,48942,"여자","고졸","서울"
"1204",2743,325710,16444,"남자","대졸","서울"
"1205",2744,75204,3889,"여자","대졸","그외"
"1206",2746,274100,11720,"남자","대졸","그외"
"1207",2747,478120,18314,"여자","대졸","그외"
"1208",2750,831103,28142,"남자","고졸","서울"
"1209",2752,772070,26192,"여자","대졸","서울"
"1210",2753,469964,30238,"남자","고졸","서울"
"1211",2754,585986,26380,"남자","대졸","그외"
"1212",2759,434826,16073,"남자","대졸","그외"
"1213",2760,413978,22424,"남자","대졸","서울"
"1214",2774,443564,11043,"여자","대졸","그외"
"1215",2777,433980,13923,"남자","대졸","그외"
"1216",2778,352672,13974,"남자","고졸","그외"
"1217",2779,2286471,140878,"남자","대졸","그외"
"1218",2783,317229,8898,"여자","대졸","그외"
"1219",2784,408007,20268,"여자","대졸","서울"
"1220",2785,225639,8436,"남자","대졸","그외"
"1221",2787,1766805,83156,"남자","대졸","서울"
"1222",2789,80320,2569,"남자","고졸","그외"
"1223",2791,146853,8302,"남자","대졸","서울"
"1224",2792,577277,28501,"여자","대졸","서울"
"1225",2796,573795,12004,"남자","대졸","그외"
"1226",2797,1109319,54635,"남자","대학원졸","서울"
"1227",2798,350128,11203,"여자","고졸","서울"
"1228",2801,876201,39615,"남자","대졸","그외"
"1229",2804,365099,18392,"여자","대졸","그외"
"1230",2805,164724,4755,"여자","고졸","서울"
"1231",2806,170799,8507,"남자","대졸","그외"
"1232",2807,83144,3502,"남자","대졸","그외"
"1233",2809,356532,13183,"여자","대졸","서울"
"1234",2816,223668,9484,"여자","대졸","서울"
"1235",2817,599927,34411,"여자","대졸","서울"
"1236",2818,1017449,41008,"여자","대졸","서울"
"1237",2820,120330,10702,"여자","대졸","그외"
"1238",2821,286266,17375,"남자","대졸","그외"
"1239",2822,1059438,51530,"남자","대졸","서울"
"1240",2827,294482,12468,"여자","대학원졸","서울"
"1241",2833,851582,40726,"남자","대졸","서울"
"1242",2835,476026,34083,"여자","대졸","서울"
"1243",2837,332165,11264,"여자","고졸","그외"
"1244",2838,518539,9555,"여자","고졸","서울"
"1245",2840,139160,5177,"여자","중졸이하","서울"
"1246",2844,436373,16264,"여자","대학원졸","서울"
"1247",2848,133765,9787,"남자","고졸","서울"
"1248",2850,653354,20726,"남자","대학원졸","서울"
"1249",2851,166267,7206,"남자","고졸","그외"
"1250",2852,330459,16571,"남자","고졸","서울"
"1251",2853,351674,13105,"여자","대졸","그외"
"1252",2854,844252,43228,"여자","대졸","그외"
"1253",2855,657632,32122,"여자","대졸","서울"
"1254",2856,604491,46185,"여자","고졸","서울"
"1255",2858,1047659,36718,"여자","대졸","서울"
"1256",2859,1015583,50545,"남자","고졸","서울"
"1257",2863,378882,9630,"여자","고졸","그외"
"1258",2867,679465,29024,"여자","대졸","서울"
"1259",2872,482041,18575,"남자","대졸","그외"
"1260",2876,740014,25519,"남자","대졸","그외"
"1261",2881,457280,24255,"여자","고졸","그외"
"1262",2884,421018,17908,"여자","대졸","서울"
"1263",2887,277722,11698,"남자","대학원졸","그외"
"1264",2888,647190,18617,"남자","대졸","서울"
"1265",2890,463686,23518,"남자","고졸","서울"
"1266",2893,50639,1940,"남자","대졸","그외"
"1267",2896,148524,8893,"남자","대학원졸","그외"
"1268",2897,506634,25788,"여자","대졸","서울"
"1269",2901,585515,24628,"여자","대졸","서울"
"1270",2905,210756,13608,"여자","대졸","서울"
"1271",2906,341283,15658,"남자","대졸","그외"
"1272",2911,215653,16663,"여자","대졸","서울"
"1273",2912,120338,4537,"남자","대졸","그외"
"1274",2913,40077,1708,"여자","고졸","그외"
"1275",2916,612901,21188,"여자","고졸","서울"
"1276",2919,240202,9114,"여자","대졸","서울"
"1277",2920,221186,14647,"여자","고졸","그외"
"1278",2926,97731,5578,"남자","대졸","그외"
"1279",2930,64428,5784,"여자","대졸","그외"
"1280",2933,643895,27782,"여자","대졸","서울"
"1281",2934,1105961,40638,"남자","대학원졸","서울"
"1282",2939,959181,30142,"남자","대졸","그외"
"1283",2941,1044186,39340,"남자","고졸","서울"
"1284",2942,555306,26492,"남자","대졸","그외"
"1285",2945,610282,33955,"남자","대학원졸","서울"
"1286",2949,44261,2884,"여자","대졸","서울"
"1287",2952,296565,13796,"여자","고졸","그외"
"1288",2953,449329,13754,"여자","대졸","서울"
"1289",2955,1038888,42344,"여자","고졸","서울"
"1290",2956,683425,21181,"여자","고졸","서울"
"1291",2958,64488,1948,"남자","대졸","그외"
"1292",2959,813677,45286,"남자","대졸","서울"
"1293",2961,89215,3401,"남자","대졸","그외"
"1294",2970,148255,7493,"남자","대졸","그외"
"1295",2971,476782,21220,"남자","고졸","서울"
"1296",2972,1457682,31289,"남자","대졸","서울"
"1297",2973,924625,65956,"남자","대졸","서울"
"1298",2975,247185,7693,"남자","대졸","그외"
"1299",2978,894724,34720,"남자","고졸","서울"
"1300",2982,350950,17181,"여자","대학원졸","서울"
"1301",2983,390463,14349,"여자","대졸","서울"
"1302",2990,147140,16315,"남자","대졸","그외"
"1303",2992,397098,18111,"남자","대졸","서울"
"1304",2993,203169,15844,"남자","대졸","그외"
"1305",2994,293731,12541,"남자","고졸","그외"
"1306",2997,499781,19333,"남자","대졸","그외"
"1307",2999,300823,8236,"남자","대학원졸","그외"
"1308",3000,529826,35709,"남자","고졸","그외"
"1309",3001,1288427,45840,"여자","대학원졸","서울"
"1310",3002,205638,17931,"남자","고졸","그외"
"1311",3004,344414,12052,"여자","대졸","서울"
"1312",3006,36266,2806,"남자","대졸","그외"
"1313",3009,702507,25396,"여자","대졸","서울"
"1314",3010,505329,20773,"여자","대졸","서울"
"1315",3011,226022,7837,"남자","고졸","서울"
"1316",3012,210743,11095,"남자","대졸","그외"
"1317",3016,1335574,64877,"남자","대졸","그외"
"1318",3018,973437,51883,"여자","대졸","서울"
"1319",3028,1182405,68209,"남자","고졸","서울"
"1320",3029,284054,12363,"여자","대졸","그외"
"1321",3033,451429,14170,"여자","대졸","그외"
"1322",3035,356134,8638,"여자","대졸","그외"
"1323",3036,264043,8818,"여자","대졸","서울"
"1324",3038,499170,16387,"여자","고졸","그외"
"1325",3039,1399347,42003,"남자","고졸","서울"
"1326",3044,630841,28872,"남자","대졸","서울"
"1327",3045,652862,29952,"여자","고졸","서울"
"1328",3046,845945,26531,"남자","대졸","서울"
"1329",3051,618463,25751,"남자","대졸","그외"
"1330",3058,855156,21527,"남자","대졸","서울"
"1331",3060,426194,19469,"남자","대졸","그외"
"1332",3061,930948,27501,"여자","고졸","서울"
"1333",3065,226582,13291,"여자","대졸","그외"
"1334",3069,317585,13295,"남자","대졸","그외"
"1335",3070,530969,23382,"여자","대학원졸","서울"
"1336",3075,629085,24965,"여자","고졸","서울"
"1337",3076,253077,11041,"여자","대졸","그외"
"1338",3079,252291,9939,"여자","대졸","그외"
"1339",3082,880399,30262,"여자","대졸","서울"
"1340",3084,166911,5488,"남자","대졸","그외"
"1341",3087,256462,10925,"여자","대졸","서울"
"1342",3089,463934,18537,"여자","대졸","서울"
"1343",3091,305397,11605,"여자","대졸","그외"
"1344",3095,524765,12316,"여자","대학원졸","서울"
"1345",3096,33316,1757,"여자","고졸","그외"
"1346",3100,960047,40313,"남자","대학원졸","서울"
"1347",3102,464953,21966,"남자","대졸","서울"
"1348",3104,121380,7107,"여자","대졸","서울"
"1349",3105,420321,13619,"남자","대졸","서울"
"1350",3107,755858,29495,"여자","대졸","서울"
"1351",3108,577202,22864,"남자","대졸","서울"
"1352",3109,494886,32891,"남자","대졸","서울"
"1353",3111,185782,1333,"남자","대학원졸","그외"
"1354",3112,1255198,51505,"여자","대졸","서울"
"1355",3116,341135,13940,"남자","고졸","그외"
"1356",3120,751179,50765,"여자","대졸","서울"
"1357",3125,766050,29562,"여자","대졸","서울"
"1358",3126,521599,19791,"남자","고졸","그외"
"1359",3128,762270,39055,"남자","대졸","서울"
"1360",3130,405328,21327,"남자","고졸","서울"
"1361",3131,864731,28955,"남자","대졸","그외"
"1362",3134,682588,15482,"남자","대졸","서울"
"1363",3137,214703,9353,"남자","대졸","그외"
"1364",3139,400940,12282,"여자","대학원졸","서울"
"1365",3150,489984,21066,"남자","대학원졸","서울"
"1366",3152,148348,10570,"남자","대졸","서울"
"1367",3155,238355,2933,"여자","고졸","서울"
"1368",3158,84369,3539,"여자","대졸","그외"
"1369",3159,190287,8529,"남자","고졸","서울"
"1370",3160,725345,25429,"여자","대졸","그외"
"1371",3161,996706,38368,"남자","대졸","서울"
"1372",3165,342316,11818,"남자","대졸","그외"
"1373",3166,306198,14520,"여자","고졸","그외"
"1374",3167,481829,23328,"남자","대졸","서울"
"1375",3170,300300,19682,"여자","대학원졸","서울"
"1376",3173,818754,35113,"여자","대졸","그외"
"1377",3177,462480,10379,"여자","대학원졸","그외"
"1378",3178,592744,38877,"남자","고졸","그외"
"1379",3181,900009,41782,"여자","대졸","그외"
"1380",3183,143115,5945,"남자","대졸","그외"
"1381",3184,736584,33367,"여자","고졸","서울"
"1382",3185,94960,4492,"남자","대학원졸","그외"
"1383",3188,305160,17766,"여자","고졸","그외"
"1384",3192,1154458,9066,"남자","대졸","그외"
"1385",3194,934109,30253,"여자","대졸","그외"
"1386",3196,275637,14932,"남자","대졸","서울"
"1387",3197,93387,2195,"여자","대졸","그외"
"1388",3199,897331,21553,"남자","대졸","서울"
"1389",3200,557511,23625,"남자","고졸","그외"
"1390",3202,197997,18033,"남자","대졸","그외"
"1391",3203,559674,23980,"남자","중졸이하","서울"
"1392",3204,248789,9176,"여자","고졸","서울"
"1393",3205,248178,12808,"남자","고졸","그외"
"1394",3207,1375438,47606,"남자","대학원졸","서울"
"1395",3208,679382,37288,"남자","대졸","그외"
"1396",3209,194560,7519,"여자","대졸","그외"
"1397",3210,370897,10872,"남자","고졸","그외"
"1398",3212,663141,38483,"여자","대졸","서울"
"1399",3213,869137,32857,"여자","대졸","서울"
"1400",3214,415765,16254,"남자","고졸","그외"
"1401",3216,125091,3568,"남자","대졸","그외"
"1402",3217,333027,18006,"남자","고졸","그외"
"1403",3221,244007,12518,"남자","대학원졸","그외"
"1404",3223,362038,16139,"남자","대졸","서울"
"1405",3224,236949,8484,"남자","고졸","그외"
"1406",3230,441747,15231,"남자","대졸","그외"
"1407",3231,810664,34611,"여자","대졸","서울"
"1408",3232,193962,8828,"남자","대졸","서울"
"1409",3234,400911,14226,"남자","대졸","그외"
"1410",3236,985107,41587,"남자","대졸","서울"
"1411",3238,244222,6554,"남자","대학원졸","그외"
"1412",3241,510383,21855,"여자","대졸","그외"
"1413",3243,209216,6641,"남자","대졸","그외"
"1414",3244,290247,17454,"남자","대졸","그외"
"1415",3245,600318,23567,"여자","대졸","그외"
"1416",3246,762368,32852,"남자","고졸","그외"
"1417",3248,836769,24879,"여자","대졸","서울"
"1418",3249,170484,10009,"여자","대졸","그외"
"1419",3250,575311,27942,"여자","고졸","서울"
"1420",3251,250996,8811,"남자","대학원졸","서울"
"1421",3252,688424,24055,"남자","대학원졸","그외"
"1422",3255,121287,6949,"남자","대졸","서울"
"1423",3256,255569,9475,"남자","고졸","그외"
"1424",3258,135374,4710,"남자","대졸","그외"
"1425",3259,1073198,40270,"남자","대졸","그외"
"1426",3260,212307,8371,"여자","고졸","서울"
"1427",3267,184781,8439,"남자","대졸","그외"
"1428",3270,254183,18546,"여자","대졸","그외"
"1429",3272,422823,15743,"남자","대졸","서울"
"1430",3273,399976,27550,"남자","대졸","서울"
"1431",3276,575312,17613,"남자","고졸","서울"
"1432",3277,140496,4446,"남자","대졸","그외"
"1433",3278,626686,40702,"여자","대학원졸","서울"
"1434",3279,449992,12015,"여자","고졸","그외"
"1435",3280,356561,16036,"남자","고졸","그외"
"1436",3281,529923,33687,"여자","대졸","서울"
"1437",3291,1094657,49432,"여자","대졸","서울"
"1438",3292,438675,14729,"여자","대졸","그외"
"1439",3295,129688,7605,"남자","고졸","서울"
"1440",3296,296396,15761,"남자","대졸","그외"
"1441",3300,467003,18608,"남자","대졸","서울"
"1442",3304,139458,6206,"남자","대졸","그외"
"1443",3305,217835,7755,"남자","대졸","서울"
"1444",3306,319228,13764,"남자","대졸","그외"
"1445",3309,637996,27273,"남자","고졸","서울"
"1446",3311,339367,18553,"남자","대졸","그외"
"1447",3313,321337,20319,"남자","대졸","서울"
"1448",3316,209487,4296,"여자","대졸","그외"
"1449",3320,227830,6089,"여자","고졸","서울"
"1450",3321,535256,14452,"여자","고졸","그외"
"1451",3322,62959,4000,"여자","대졸","그외"
"1452",3324,650146,20248,"남자","대학원졸","그외"
"1453",3331,347128,19491,"여자","대졸","서울"
"1454",3333,377348,18661,"남자","대학원졸","그외"
"1455",3334,31882,2091,"남자","대졸","그외"
"1456",3336,505276,35617,"여자","고졸","그외"
"1457",3337,133313,6154,"여자","대학원졸","서울"
"1458",3343,297222,13978,"남자","대졸","그외"
"1459",3344,1141464,40108,"여자","대졸","서울"
"1460",3346,1674847,65368,"여자","고졸","서울"
"1461",3347,350993,16641,"남자","대졸","서울"
"1462",3348,181933,7733,"남자","고졸","그외"
"1463",3350,198314,19410,"여자","고졸","그외"
"1464",3351,358181,30549,"여자","대졸","서울"
"1465",3352,287610,7587,"남자","고졸","그외"
"1466",3353,390810,14339,"여자","대졸","그외"
"1467",3354,153414,4031,"여자","대졸","그외"
"1468",3355,333315,10967,"남자","대졸","그외"
"1469",3356,137883,8626,"여자","대졸","그외"
"1470",3358,1034133,36491,"여자","대졸","서울"
"1471",3360,615244,29757,"여자","대졸","서울"
"1472",3361,448430,19768,"여자","고졸","그외"
"1473",3362,434762,17595,"여자","대졸","그외"
"1474",3363,265225,25265,"남자","대학원졸","서울"
"1475",3367,774081,36916,"여자","대졸","서울"
"1476",3368,611955,23850,"여자","대졸","서울"
"1477",3369,869708,32345,"여자","대졸","서울"
"1478",3372,667859,30841,"남자","대졸","서울"
"1479",3373,215847,12432,"여자","대졸","그외"
"1480",3378,373759,23968,"남자","대졸","서울"
"1481",3382,144785,5481,"남자","고졸","그외"
"1482",3383,94510,3765,"여자","대졸","서울"
"1483",3386,298146,15494,"남자","대졸","그외"
"1484",3387,481637,24347,"남자","대졸","그외"
"1485",3388,493417,23417,"여자","대졸","서울"
"1486",3389,2266164,142846,"남자","대졸","서울"
"1487",3393,946358,46518,"여자","대졸","그외"
"1488",3394,98982,4477,"남자","고졸","그외"
"1489",3395,87640,4070,"여자","고졸","서울"
"1490",3397,558771,19321,"남자","대졸","서울"
"1491",3401,453040,11420,"여자","고졸","서울"
"1492",3406,161777,7651,"남자","대졸","그외"
"1493",3407,1069904,48952,"여자","대졸","서울"
"1494",3410,276085,15792,"여자","고졸","서울"
"1495",3414,205645,5951,"남자","고졸","서울"
"1496",3415,695751,22420,"남자","대졸","서울"
"1497",3417,221611,8798,"남자","고졸","그외"
"1498",3424,472867,24940,"여자","대졸","그외"
"1499",3425,262640,17027,"여자","대졸","서울"
"1500",3426,207288,16474,"남자","대졸","그외"
"1501",3429,171096,26158,"남자","고졸","그외"
"1502",3430,612299,23994,"여자","대졸","서울"
"1503",3433,718252,32837,"여자","대졸","서울"
"1504",3435,890962,36612,"남자","대졸","서울"
"1505",3437,741950,20894,"남자","대졸","그외"
"1506",3438,555199,27647,"남자","대졸","서울"
"1507",3439,468043,19358,"여자","대졸","그외"
"1508",3440,17494,1168,"여자","고졸","서울"
"1509",3441,843489,33228,"남자","대졸","서울"
"1510",3442,971924,24213,"남자","대졸","서울"
"1511",3443,916921,50012,"남자","고졸","서울"
"1512",3444,374332,16709,"여자","대졸","그외"
"1513",3448,145051,8063,"남자","대졸","서울"
"1514",3452,502581,21413,"남자","대졸","서울"
"1515",3456,363319,18918,"여자","고졸","서울"
"1516",3458,884841,30313,"여자","고졸","서울"
"1517",3462,1025463,47078,"남자","대졸","서울"
"1518",3463,1200744,46384,"여자","대졸","서울"
"1519",3467,146744,6928,"남자","대졸","그외"
"1520",3468,262513,8958,"여자","고졸","그외"
"1521",3470,134883,11310,"남자","고졸","서울"
"1522",3477,98293,3846,"여자","대졸","서울"
"1523",3478,123264,6669,"남자","대학원졸","그외"
"1524",3481,89900,6311,"남자","고졸","그외"
"1525",3484,269292,9573,"남자","고졸","그외"
"1526",3487,843513,55255,"남자","대졸","서울"
"1527",3492,1893651,41975,"남자","대학원졸","서울"
"1528",3493,221380,7400,"남자","대졸","그외"
"1529",3498,909166,30971,"남자","대졸","서울"
"1530",3504,151183,15588,"남자","대졸","그외"
"1531",3506,489872,22334,"여자","대졸","그외"
"1532",3507,476370,17709,"남자","대학원졸","서울"
"1533",3509,489230,17505,"남자","대학원졸","그외"
"1534",3511,791473,20021,"여자","대졸","서울"
"1535",3514,1408842,40834,"여자","대졸","그외"
"1536",3515,417650,17107,"남자","고졸","그외"
"1537",3516,620306,11252,"남자","대졸","그외"
"1538",3517,791592,29859,"남자","대졸","그외"
"1539",3523,53072,5031,"남자","고졸","서울"
"1540",3525,440006,27819,"여자","대졸","서울"
"1541",3527,1458401,56016,"남자","중졸이하","서울"
"1542",3529,202581,9231,"남자","고졸","그외"
"1543",3534,747063,24809,"남자","대졸","그외"
"1544",3535,452689,15524,"남자","대졸","그외"
"1545",3537,594104,43233,"여자","대졸","서울"
"1546",3539,478272,21238,"여자","대졸","서울"
"1547",3540,760236,18256,"여자","대졸","그외"
"1548",3543,478261,19171,"여자","고졸","서울"
"1549",3544,148514,4373,"남자","고졸","서울"
"1550",3545,1241821,54604,"여자","대졸","그외"
"1551",3547,545922,16723,"여자","대졸","서울"
"1552",3550,192244,5949,"여자","대졸","서울"
"1553",3551,208247,10851,"남자","고졸","그외"
"1554",3553,3797425,36934,"남자","대졸","서울"
"1555",3556,862134,20344,"남자","대졸","그외"
"1556",3559,348918,25632,"남자","대졸","서울"
"1557",3562,439872,11862,"남자","대졸","그외"
"1558",3566,783829,20489,"여자","고졸","그외"
"1559",3575,593304,21983,"여자","대학원졸","서울"
"1560",3576,1594876,41106,"여자","대졸","서울"
"1561",3577,642592,31365,"남자","대졸","그외"
"1562",3579,635176,27652,"남자","고졸","서울"
"1563",3580,315605,15061,"남자","고졸","그외"
"1564",3584,1038603,52707,"여자","고졸","서울"
"1565",3586,632045,41092,"여자","대졸","서울"
"1566",3587,2004598,85801,"남자","고졸","서울"
"1567",3588,200069,8037,"여자","대졸","그외"
"1568",3596,1340754,60533,"여자","고졸","그외"
"1569",3601,880351,47304,"여자","대졸","서울"
"1570",3603,403274,15241,"남자","대학원졸","서울"
"1571",3607,179112,6325,"남자","대졸","그외"
"1572",3608,2016587,30115,"여자","대졸","서울"
"1573",3609,138715,6024,"남자","대학원졸","그외"
"1574",3610,896495,58484,"여자","대졸","서울"
"1575",3611,1207889,29627,"남자","대학원졸","서울"
"1576",3612,696538,25964,"여자","대졸","그외"
"1577",3613,609326,33358,"남자","대졸","그외"
"1578",3616,136739,8266,"남자","고졸","서울"
"1579",3617,474790,26307,"남자","고졸","서울"
"1580",3623,66498,4237,"남자","대졸","그외"
"1581",3625,421288,11893,"여자","대졸","서울"
"1582",3627,425945,16812,"여자","고졸","서울"
"1583",3629,519737,15615,"남자","대학원졸","그외"
"1584",3630,31298,3403,"남자","대졸","서울"
"1585",3632,203775,15064,"남자","고졸","서울"
"1586",3634,605970,22795,"여자","고졸","서울"
"1587",3635,211020,9830,"남자","대졸","그외"
"1588",3637,71704,3243,"여자","고졸","서울"
"1589",3640,581290,33650,"남자","대학원졸","서울"
"1590",3641,907286,65766,"여자","고졸","서울"
"1591",3642,553073,14298,"남자","대학원졸","그외"
"1592",3646,207375,9857,"여자","대졸","그외"
"1593",3647,1310666,26927,"여자","고졸","서울"
"1594",3648,491271,18935,"여자","중졸이하","서울"
"1595",3649,268803,8546,"남자","대졸","그외"
"1596",3651,293373,18845,"남자","고졸","서울"
"1597",3653,548051,22514,"남자","고졸","그외"
"1598",3656,414022,17664,"남자","대졸","그외"
"1599",3657,174308,4316,"남자","대졸","그외"
"1600",3662,472535,15098,"남자","대졸","그외"
"1601",3663,1689467,22510,"남자","대졸","그외"
"1602",3664,688673,26202,"남자","대졸","서울"
"1603",3665,489000,13477,"남자","고졸","서울"
"1604",3667,1710639,54266,"여자","고졸","그외"
"1605",3669,292469,8397,"여자","대졸","그외"
"1606",3670,366190,11364,"남자","대학원졸","그외"
"1607",3673,759638,18045,"남자","대학원졸","서울"
"1608",3674,209548,7708,"남자","대학원졸","그외"
"1609",3675,131510,6283,"여자","대졸","그외"
"1610",3678,450131,32157,"남자","고졸","서울"
"1611",3680,537120,26084,"여자","고졸","그외"
"1612",3685,339649,16905,"남자","대졸","서울"
"1613",3686,575265,23250,"여자","대학원졸","서울"
"1614",3687,864168,41307,"남자","고졸","서울"
"1615",3689,164861,8771,"남자","고졸","서울"
"1616",3690,525124,12498,"여자","대졸","그외"
"1617",3692,242670,5223,"남자","대졸","그외"
"1618",3694,520124,14982,"여자","대졸","서울"
"1619",3696,352522,16497,"여자","대졸","그외"
"1620",3699,447779,22581,"남자","중졸이하","그외"
"1621",3705,250926,8602,"여자","대졸","그외"
"1622",3707,94987,4068,"남자","대졸","그외"
"1623",3708,1004759,36879,"남자","고졸","서울"
"1624",3709,296725,9834,"여자","대학원졸","그외"
"1625",3711,553472,23730,"여자","고졸","서울"
"1626",3712,273815,19639,"여자","대졸","그외"
"1627",3714,343854,15676,"여자","대졸","서울"
"1628",3715,355135,11748,"남자","대졸","그외"
"1629",3720,82325,5020,"여자","대졸","서울"
"1630",3723,1399766,42751,"남자","대졸","서울"
"1631",3725,282352,5132,"남자","고졸","그외"
"1632",3726,124745,6233,"여자","고졸","그외"
"1633",3731,882223,35117,"여자","대졸","서울"
"1634",3732,1551748,56755,"남자","중졸이하","그외"
"1635",3736,734577,19474,"여자","대졸","서울"
"1636",3737,1468972,43718,"남자","고졸","서울"
"1637",3740,296546,14055,"남자","대학원졸","그외"
"1638",3744,119316,3601,"여자","대학원졸","서울"
"1639",3746,945473,19876,"남자","고졸","그외"
"1640",3747,246122,6079,"남자","고졸","서울"
"1641",3757,591496,16447,"여자","대학원졸","서울"
"1642",3759,633607,22159,"남자","대학원졸","서울"
"1643",3761,848610,44790,"남자","대졸","그외"
"1644",3762,376971,20315,"여자","고졸","서울"
"1645",3764,870477,40150,"여자","고졸","서울"
"1646",3765,729790,38417,"여자","대졸","서울"
"1647",3766,459245,14453,"여자","대학원졸","그외"
"1648",3770,315275,8841,"여자","대졸","그외"
"1649",3771,871625,27054,"여자","대졸","그외"
"1650",3772,200112,7127,"남자","대졸","그외"
"1651",3773,180281,8060,"남자","대졸","그외"
"1652",3775,159906,11509,"여자","대졸","그외"
"1653",3777,606506,33052,"여자","대졸","그외"
"1654",3781,291323,11402,"여자","대졸","그외"
"1655",3783,52758,2692,"여자","대졸","서울"
"1656",3784,721670,27485,"여자","고졸","그외"
"1657",3787,593145,20335,"여자","대졸","그외"
"1658",3789,573378,30415,"여자","대학원졸","서울"
"1659",3790,1007364,37439,"여자","고졸","그외"
"1660",3791,397549,13385,"여자","중졸이하","서울"
"1661",3794,193030,7655,"남자","중졸이하","그외"
"1662",3795,853378,25194,"남자","고졸","서울"
"1663",3797,759241,37086,"여자","대졸","서울"
"1664",3798,2084966,83854,"남자","대졸","서울"
"1665",3800,593416,18577,"여자","고졸","그외"
"1666",3801,89184,4033,"남자","고졸","그외"
"1667",3804,614734,18357,"남자","대졸","그외"
"1668",3806,147847,3878,"남자","대졸","그외"
"1669",3811,363676,13521,"남자","대졸","그외"
"1670",3812,276320,12997,"여자","고졸","그외"
"1671",3814,178987,7776,"여자","대졸","그외"
"1672",3816,1165362,32689,"남자","대졸","서울"
"1673",3817,440301,10557,"남자","대졸","그외"
"1674",3819,294023,7607,"남자","대졸","그외"
"1675",3824,1341627,61342,"남자","대졸","그외"
"1676",3825,513230,19408,"여자","대학원졸","서울"
"1677",3826,180149,7363,"남자","고졸","서울"
"1678",3827,905196,42087,"남자","고졸","서울"
"1679",3833,495717,7439,"여자","대학원졸","서울"
"1680",3834,610764,24483,"남자","대졸","서울"
"1681",3835,1138568,49856,"여자","대졸","서울"
"1682",3836,112834,5624,"남자","대졸","그외"
"1683",3840,54182,1542,"여자","대졸","그외"
"1684",3843,768389,20184,"남자","대졸","서울"
"1685",3845,196788,6155,"여자","대학원졸","서울"
"1686",3846,126259,9218,"남자","대졸","서울"
"1687",3854,33090,995,"남자","고졸","서울"
"1688",3855,716886,28728,"남자","대졸","서울"
"1689",3856,310781,14461,"남자","고졸","서울"
"1690",3859,599606,17452,"여자","대졸","서울"
"1691",3860,1056002,23413,"남자","대졸","서울"
"1692",3861,202154,12924,"남자","대졸","그외"
"1693",3862,816617,30605,"여자","대졸","그외"
"1694",3863,819859,30639,"여자","대졸","그외"
"1695",3865,169609,8816,"남자","대졸","그외"
"1696",3868,384099,17710,"남자","대졸","서울"
"1697",3880,486002,24197,"여자","대졸","서울"
"1698",3882,506063,22951,"여자","대졸","서울"
"1699",3885,211363,7418,"여자","고졸","서울"
"1700",3886,1549588,59905,"여자","대학원졸","서울"
"1701",3888,304491,10988,"여자","대졸","서울"
"1702",3893,155601,8379,"여자","대학원졸","그외"
"1703",3894,789729,40426,"여자","대졸","서울"
"1704",3895,886064,31762,"남자","대학원졸","서울"
"1705",3897,930989,39197,"여자","대졸","서울"
"1706",3898,994271,47573,"여자","대학원졸","그외"
"1707",3902,124031,5576,"남자","고졸","그외"
"1708",3903,389177,16652,"남자","대졸","그외"
"1709",3904,84898,4104,"남자","고졸","그외"
"1710",3906,199015,4656,"남자","대학원졸","그외"
"1711",3909,413460,14474,"남자","대졸","그외"
"1712",3912,554614,33954,"남자","대졸","서울"
"1713",3914,148644,9046,"여자","대졸","서울"
"1714",3915,931143,28205,"여자","대졸","서울"
"1715",3916,1975115,68503,"여자","대졸","그외"
"1716",3921,144182,9609,"여자","고졸","서울"
"1717",3922,1563005,39116,"남자","대졸","서울"
"1718",3924,959166,31758,"남자","대졸","서울"
"1719",3929,585404,21212,"남자","고졸","서울"
"1720",3930,171982,9024,"남자","대졸","그외"
"1721",3932,263340,9066,"남자","대졸","그외"
"1722",3934,1297515,43516,"남자","대졸","서울"
"1723",3935,256883,10321,"남자","대졸","그외"
"1724",3936,238731,4776,"여자","대졸","서울"
"1725",3941,262930,9890,"여자","고졸","서울"
"1726",3943,378465,11244,"여자","대졸","그외"
"1727",3950,1319387,70109,"남자","대학원졸","그외"
"1728",3953,98904,3295,"여자","대졸","서울"
"1729",3957,2087453,62723,"여자","대졸","그외"
"1730",3958,248439,7911,"여자","대졸","그외"
"1731",3962,798033,22930,"남자","고졸","그외"
"1732",3965,152715,7743,"여자","고졸","서울"
"1733",3966,547446,70159,"여자","대졸","서울"
"1734",3968,943537,55066,"여자","대졸","서울"
"1735",3972,178097,7921,"여자","대학원졸","서울"
"1736",3978,1009329,30631,"남자","대학원졸","서울"
"1737",3982,713763,20002,"여자","대졸","그외"
"1738",3984,310538,17359,"여자","대졸","그외"
"1739",3985,477334,24059,"남자","고졸","서울"
"1740",3987,101465,4852,"여자","중졸이하","서울"
"1741",3988,120302,5892,"여자","대졸","서울"
"1742",3989,530805,24059,"남자","대졸","그외"
"1743",3990,703362,28243,"남자","대학원졸","서울"
"1744",3995,464225,15565,"여자","대졸","서울"
"1745",3997,273127,12795,"남자","대졸","그외"
"1746",3999,351078,10379,"남자","대졸","그외"
"1747",4001,872271,36715,"남자","대졸","그외"
"1748",4012,109313,8390,"여자","고졸","서울"
"1749",4013,402038,18758,"남자","고졸","그외"
"1750",4018,1142232,49051,"남자","대학원졸","서울"
"1751",4021,292474,11831,"남자","대졸","그외"
"1752",4023,464710,19356,"남자","대졸","서울"
"1753",4024,337282,13740,"여자","대졸","서울"
"1754",4025,400180,14477,"남자","대졸","그외"
"1755",4028,483623,17339,"여자","대졸","서울"
"1756",4034,213529,6446,"남자","대졸","그외"
"1757",4036,163397,7533,"남자","고졸","서울"
"1758",4037,813058,24584,"여자","대졸","서울"
"1759",4038,426816,16339,"여자","대졸","서울"
"1760",4039,1033737,47632,"남자","고졸","서울"
"1761",4040,226626,17238,"남자","고졸","그외"
"1762",4041,90694,6031,"남자","중졸이하","그외"
"1763",4042,1251273,43108,"남자","고졸","서울"
"1764",4043,629462,40595,"남자","고졸","그외"
"1765",4044,396791,15352,"여자","대졸","그외"
"1766",4046,222273,5661,"여자","대졸","서울"
"1767",4048,285417,11943,"남자","대졸","그외"
"1768",4050,267990,3195,"남자","대학원졸","그외"
"1769",4053,1192577,68446,"여자","대졸","서울"
"1770",4055,323279,19391,"남자","대졸","서울"
"1771",4056,168803,8165,"남자","대졸","그외"
"1772",4058,202178,7451,"남자","고졸","서울"
"1773",4062,491069,16878,"여자","대졸","그외"
"1774",4063,103617,4771,"남자","대학원졸","그외"
"1775",4064,152643,6077,"여자","대졸","서울"
"1776",4066,194617,6169,"남자","대졸","그외"
"1777",4067,53323,10339,"남자","고졸","서울"
"1778",4070,206545,8571,"남자","대학원졸","그외"
"1779",4072,499662,22817,"남자","중졸이하","서울"
"1780",4075,359324,14944,"남자","고졸","그외"
"1781",4078,299492,11498,"남자","대졸","그외"
"1782",4079,620607,33161,"남자","대졸","서울"
"1783",4080,2419597,73932,"남자","고졸","그외"
"1784",4081,460790,17661,"남자","대학원졸","서울"
"1785",4082,291949,12364,"남자","대학원졸","그외"
"1786",4083,693187,53929,"여자","대졸","서울"
"1787",4084,1025314,55645,"남자","대졸","서울"
"1788",4086,186399,9380,"여자","대졸","그외"
"1789",4090,2192485,55001,"여자","대졸","서울"
"1790",4093,685834,17165,"남자","대졸","그외"
"1791",4094,1201340,45965,"남자","대졸","서울"
"1792",4095,772789,40409,"여자","대졸","서울"
"1793",4097,444514,22775,"남자","고졸","그외"
"1794",4098,195252,8476,"여자","대졸","그외"
"1795",4099,617538,32592,"남자","대학원졸","서울"
"1796",4100,194651,9549,"남자","대학원졸","그외"
"1797",4101,216714,13064,"남자","대졸","그외"
"1798",4103,214218,9834,"여자","중졸이하","그외"
"1799",4106,791932,35370,"남자","대졸","서울"
"1800",4107,639398,32915,"남자","대졸","그외"
"1801",4108,775655,37975,"남자","대졸","서울"
"1802",4109,1017279,26003,"남자","고졸","서울"
"1803",4111,328441,6646,"남자","대학원졸","그외"
"1804",4117,232173,11613,"남자","대졸","그외"
"1805",4120,942151,15358,"남자","대졸","서울"
"1806",4121,191067,9070,"여자","대졸","서울"
"1807",4122,310846,10401,"여자","대졸","그외"
"1808",4123,566683,19474,"여자","대졸","서울"
"1809",4127,229507,9955,"여자","대졸","서울"
"1810",4128,608820,11766,"남자","대졸","그외"
"1811",4129,258931,10223,"남자","대졸","서울"
"1812",4132,1008655,47135,"남자","대졸","그외"
"1813",4133,433237,18538,"남자","대졸","그외"
"1814",4134,359391,17452,"여자","고졸","그외"
"1815",4139,227650,9265,"남자","중졸이하","서울"
"1816",4148,461779,11640,"여자","대졸","서울"
"1817",4149,1416115,60777,"남자","대학원졸","서울"
"1818",4151,640643,31279,"여자","대졸","서울"
"1819",4153,186403,9045,"남자","고졸","그외"
"1820",4169,507858,17226,"남자","대학원졸","그외"
"1821",4171,130592,7929,"여자","중졸이하","그외"
"1822",4175,600316,30783,"남자","대학원졸","그외"
"1823",4176,302243,17876,"남자","고졸","서울"
"1824",4178,262540,15280,"남자","대졸","그외"
"1825",4179,1608156,63121,"남자","고졸","서울"
"1826",4183,171241,8813,"남자","대졸","그외"
"1827",4189,78035,3723,"여자","고졸","서울"
"1828",4190,592781,21533,"남자","대졸","그외"
"1829",4200,853870,27368,"여자","고졸","서울"
"1830",4202,588749,31861,"남자","대학원졸","서울"
"1831",4206,83102,3458,"여자","대졸","그외"
"1832",4209,638842,39606,"남자","대학원졸","서울"
"1833",4210,749509,38711,"여자","고졸","서울"
"1834",4211,112476,6709,"여자","대졸","서울"
"1835",4212,224105,13450,"남자","고졸","서울"
"1836",4213,479800,20257,"여자","대학원졸","서울"
"1837",4214,254062,5925,"여자","대졸","서울"
"1838",4220,408944,17803,"여자","대졸","서울"
"1839",4222,584954,12526,"여자","고졸","서울"
"1840",4223,168773,11341,"남자","대졸","서울"
"1841",4224,761229,31839,"남자","대졸","그외"
"1842",4227,238685,11734,"남자","대졸","그외"
"1843",4229,666118,24649,"남자","대학원졸","그외"
"1844",4232,254807,7047,"남자","고졸","그외"
"1845",4233,282528,11023,"남자","대졸","그외"
"1846",4235,204029,10208,"남자","고졸","서울"
"1847",4240,500141,18141,"남자","대졸","그외"
"1848",4242,503145,18531,"남자","고졸","서울"
"1849",4244,724231,27798,"남자","대학원졸","그외"
"1850",4245,488870,25527,"남자","중졸이하","그외"
"1851",4246,909057,54164,"여자","대졸","그외"
"1852",4247,242283,8649,"남자","대학원졸","그외"
"1853",4251,95538,5882,"여자","대학원졸","서울"
"1854",4253,192426,8012,"남자","고졸","그외"
"1855",4256,734028,37261,"여자","대졸","그외"
"1856",4258,71133,3900,"남자","대졸","그외"
"1857",4261,376063,11140,"남자","대졸","그외"
"1858",4263,509905,35288,"여자","대졸","그외"
"1859",4265,674057,13362,"남자","대학원졸","그외"
"1860",4267,532898,25002,"여자","고졸","서울"
"1861",4268,425779,14764,"여자","대졸","서울"
"1862",4269,406683,29183,"여자","대졸","서울"
"1863",4272,661796,20110,"여자","대졸","서울"
"1864",4273,148628,3755,"여자","대학원졸","서울"
"1865",4274,205166,7796,"여자","대학원졸","그외"
"1866",4277,1264339,37814,"남자","대학원졸","서울"
"1867",4279,390646,13661,"남자","대학원졸","그외"
"1868",4283,447284,18581,"여자","대졸","서울"
"1869",4284,690771,25981,"남자","대학원졸","그외"
"1870",4286,786649,43508,"여자","대졸","서울"
"1871",4288,660739,25437,"남자","대학원졸","그외"
"1872",4291,293271,11097,"남자","대졸","그외"
"1873",4292,783352,22063,"남자","대졸","그외"
"1874",4293,231126,15155,"여자","대졸","그외"
"1875",4294,102406,3384,"남자","고졸","그외"
"1876",4296,64538,1925,"여자","고졸","서울"
"1877",4297,1011607,42394,"남자","고졸","서울"
"1878",4299,258884,10886,"여자","대졸","서울"
"1879",4300,375554,13311,"남자","대학원졸","그외"
"1880",4301,464762,15750,"남자","고졸","서울"
"1881",4306,680363,26005,"남자","고졸","서울"
"1882",4307,929263,36007,"남자","대졸","서울"
"1883",4308,587086,20576,"남자","대학원졸","그외"
"1884",4312,431584,10413,"여자","대졸","서울"
"1885",4313,537315,32221,"남자","대졸","서울"
"1886",4315,252043,9782,"남자","대졸","그외"
"1887",4316,1208188,31414,"남자","대학원졸","그외"
"1888",4318,251894,12281,"여자","고졸","서울"
"1889",4323,206890,12774,"여자","대졸","그외"
"1890",4325,95552,2828,"남자","대학원졸","그외"
"1891",4327,287584,25891,"남자","고졸","서울"
"1892",4329,688672,21671,"여자","대졸","서울"
"1893",4330,499202,17213,"여자","대졸","그외"
"1894",4331,1041758,44450,"여자","대졸","서울"
"1895",4332,191643,12227,"남자","대학원졸","그외"
"1896",4333,651612,24707,"여자","대졸","서울"
"1897",4334,261621,9803,"여자","대졸","서울"
"1898",4335,1624314,41442,"여자","대졸","서울"
"1899",4336,141713,6054,"남자","대졸","그외"
"1900",4337,163782,7016,"남자","대학원졸","그외"
"1901",4339,165797,7754,"남자","대졸","그외"
"1902",4340,582315,74200,"여자","중졸이하","그외"
"1903",4341,410535,13021,"여자","고졸","그외"
"1904",4345,67392,2882,"남자","대학원졸","서울"
"1905",4351,478638,15430,"여자","고졸","그외"
"1906",4357,335376,11050,"여자","중졸이하","그외"
"1907",4360,856238,33064,"남자","대졸","서울"
"1908",4361,117859,4077,"남자","대졸","그외"
"1909",4366,943596,35972,"남자","고졸","서울"
"1910",4367,398995,15322,"남자","대졸","그외"
"1911",4370,173378,5961,"여자","대학원졸","서울"
"1912",4373,212455,12037,"남자","대학원졸","그외"
"1913",4376,829660,28860,"남자","대졸","서울"
"1914",4381,287119,11665,"남자","중졸이하","서울"
"1915",4382,117893,3682,"남자","대졸","그외"
"1916",4384,619127,15932,"여자","대졸","그외"
"1917",4385,276428,9694,"여자","대졸","서울"
"1918",4386,204315,8249,"남자","대졸","그외"
"1919",4389,340089,13855,"여자","중졸이하","그외"
"1920",4391,921282,35457,"여자","대졸","서울"
"1921",4394,1595673,61226,"여자","대졸","서울"
"1922",4395,2125762,77709,"여자","대졸","서울"
"1923",4397,103797,3377,"여자","대졸","서울"
"1924",4398,1436037,74957,"남자","대졸","서울"
"1925",4400,987365,44544,"여자","대졸","서울"
"1926",4401,320626,13921,"남자","대졸","그외"
"1927",4402,127000,4242,"남자","대졸","그외"
"1928",4403,156530,2818,"여자","대졸","그외"
"1929",4404,392927,9186,"남자","대학원졸","그외"
"1930",4409,420986,14109,"여자","대졸","그외"
"1931",4413,525567,20220,"여자","대졸","서울"
"1932",4416,244175,6285,"남자","고졸","그외"
"1933",4417,384693,11180,"남자","대졸","그외"
"1934",4420,193045,5719,"남자","고졸","그외"
"1935",4421,128372,7171,"남자","대졸","그외"
"1936",4422,92634,6686,"여자","고졸","서울"
"1937",4423,175218,10475,"남자","고졸","서울"
"1938",4426,1190766,28221,"여자","대학원졸","서울"
"1939",4429,1398727,31234,"여자","대졸","그외"
"1940",4434,120075,5945,"여자","대졸","그외"
"1941",4438,189238,11983,"여자","고졸","서울"
"1942",4439,785010,30399,"남자","대졸","그외"
"1943",4440,116162,13233,"여자","대졸","그외"
"1944",4441,417796,12420,"남자","대졸","그외"
"1945",4443,29913,627,"남자","고졸","그외"
"1946",4446,763465,39389,"남자","대학원졸","서울"
"1947",4452,1873020,65347,"여자","대학원졸","서울"
"1948",4453,644395,28445,"남자","대졸","그외"
"1949",4454,341712,12458,"여자","대졸","그외"
"1950",4458,194057,7734,"여자","대졸","그외"
"1951",4460,504315,32577,"여자","대졸","서울"
"1952",4462,775581,24213,"남자","대졸","서울"
"1953",4463,940306,44396,"여자","대졸","서울"
"1954",4465,482229,17866,"남자","대졸","서울"
"1955",4466,713439,25422,"남자","대졸","그외"
"1956",4467,1085537,53446,"남자","대졸","서울"
"1957",4469,429234,23407,"남자","대학원졸","그외"
"1958",4473,123167,5582,"남자","대학원졸","그외"
"1959",4475,338697,7518,"여자","대졸","서울"
"1960",4476,800120,36615,"여자","중졸이하","그외"
"1961",4477,520949,13599,"남자","대졸","그외"
"1962",4479,338095,9151,"남자","대졸","그외"
"1963",4481,242045,11795,"여자","고졸","서울"
"1964",4485,307978,13234,"남자","고졸","서울"
"1965",4486,275899,12425,"여자","고졸","서울"
"1966",4487,180789,15761,"여자","대졸","그외"
"1967",4490,495363,25132,"여자","대졸","서울"
"1968",4492,410350,16969,"여자","대졸","그외"
"1969",4495,272103,10619,"남자","고졸","서울"
"1970",4499,2088844,66581,"여자","고졸","서울"
"1971",4500,551895,18771,"남자","고졸","그외"
"1972",4502,32819,1002,"여자","대졸","그외"
"1973",4503,405289,18389,"남자","대졸","그외"
"1974",4504,435468,17295,"남자","고졸","그외"
"1975",4506,337386,13524,"남자","대학원졸","그외"
"1976",4508,848144,26223,"남자","대졸","그외"
"1977",4509,595633,29202,"여자","대졸","서울"
"1978",4512,315450,14231,"남자","대졸","그외"
"1979",4517,366198,32419,"여자","대졸","그외"
"1980",4523,123165,4975,"여자","대졸","그외"
"1981",4525,830965,49901,"여자","대졸","서울"
"1982",4527,172641,7716,"여자","고졸","서울"
"1983",4528,757757,23226,"남자","대졸","그외"
"1984",4529,603205,35766,"남자","대졸","그외"
"1985",4532,133426,8269,"남자","대졸","그외"
"1986",4536,341939,13607,"남자","대졸","그외"
"1987",4539,617841,24096,"남자","대학원졸","그외"
"1988",4542,326234,17595,"남자","고졸","서울"
"1989",4544,244233,13168,"여자","고졸","그외"
"1990",4547,26601,1307,"남자","고졸","그외"
"1991",4550,420047,26564,"여자","고졸","그외"
"1992",4553,166507,5061,"여자","대졸","서울"
"1993",4554,212056,13174,"여자","대졸","그외"
"1994",4558,167402,9220,"남자","고졸","그외"
"1995",4560,220292,7441,"여자","대졸","서울"
"1996",4561,578489,16979,"남자","대졸","그외"
"1997",4562,1021945,47280,"여자","대졸","서울"
"1998",4564,504872,21891,"여자","대졸","그외"
"1999",4566,148400,6680,"여자","고졸","서울"
"2000",4569,319212,16727,"남자","대졸","서울"
"2001",4575,37298,2037,"여자","대졸","그외"
"2002",4579,292404,15950,"남자","대학원졸","그외"
"2003",4580,1176830,54470,"남자","대졸","서울"
"2004",4583,360282,15626,"남자","대학원졸","서울"
"2005",4587,340464,14713,"남자","대학원졸","그외"
"2006",4589,326458,10511,"여자","고졸","그외"
"2007",4591,287787,13214,"남자","고졸","서울"
"2008",4592,280453,11828,"여자","대졸","그외"
"2009",4594,429297,14095,"남자","대졸","그외"
"2010",4599,1184893,24219,"남자","대학원졸","서울"
"2011",4600,230075,17571,"여자","대졸","그외"
"2012",4601,109998,5078,"남자","대졸","그외"
"2013",4602,608520,23904,"남자","대졸","서울"
"2014",4607,134406,9263,"남자","대졸","서울"
"2015",4609,141772,9890,"여자","고졸","그외"
"2016",4610,254195,6566,"남자","대졸","그외"
"2017",4612,396134,15937,"남자","대학원졸","그외"
"2018",4616,687065,17127,"남자","대졸","서울"
"2019",4620,675459,28087,"남자","대졸","그외"
"2020",4621,714135,28167,"남자","대졸","서울"
"2021",4625,256993,7560,"남자","대학원졸","그외"
"2022",4628,456619,10498,"여자","고졸","그외"
"2023",4629,116932,7563,"여자","대졸","그외"
"2024",4630,1087583,45757,"남자","고졸","서울"
"2025",4631,648646,21441,"여자","고졸","그외"
"2026",4632,932394,42162,"여자","대졸","서울"
"2027",4633,787146,32506,"여자","고졸","서울"
"2028",4636,415921,7577,"남자","대졸","그외"
"2029",4638,876285,26642,"남자","대졸","서울"
"2030",4640,192488,7126,"남자","대졸","그외"
"2031",4642,302770,10448,"여자","대학원졸","서울"
"2032",4646,489647,17789,"여자","고졸","서울"
"2033",4647,232821,6376,"남자","대졸","그외"
"2034",4648,363062,18640,"남자","고졸","그외"
"2035",4650,1254970,29750,"남자","대졸","그외"
"2036",4654,422507,17189,"남자","대졸","그외"
"2037",4655,667213,28002,"여자","대졸","서울"
"2038",4657,278451,10996,"남자","대졸","그외"
"2039",4658,498678,21234,"여자","대학원졸","서울"
"2040",4660,330622,16170,"남자","고졸","그외"
"2041",4665,463507,20169,"여자","대학원졸","서울"
"2042",4666,495355,27284,"여자","대학원졸","그외"
"2043",4667,107310,4026,"여자","중졸이하","서울"
"2044",4668,476231,17641,"여자","대졸","그외"
"2045",4674,627188,26050,"남자","대졸","서울"
"2046",4680,759708,58483,"여자","대졸","서울"
"2047",4681,274040,7276,"여자","대졸","서울"
"2048",4682,979219,40372,"남자","대졸","서울"
"2049",4684,372193,11640,"남자","대졸","서울"
"2050",4686,236862,9645,"남자","대졸","그외"
"2051",4688,73465,3507,"여자","대졸","그외"
"2052",4690,189969,6367,"여자","고졸","그외"
"2053",4691,412380,15023,"남자","대졸","그외"
"2054",4693,1229597,32802,"남자","대졸","서울"
"2055",4695,127066,5370,"남자","대졸","그외"
"2056",4697,1421167,33075,"남자","고졸","그외"
"2057",4700,592570,26054,"남자","대졸","그외"
"2058",4701,715577,30962,"여자","대졸","서울"
"2059",4703,412413,16867,"여자","대학원졸","서울"
"2060",4704,987967,31336,"남자","대졸","그외"
"2061",4705,289055,12979,"남자","고졸","서울"
"2062",4709,590264,12577,"남자","대졸","그외"
"2063",4712,215666,5808,"여자","고졸","그외"
"2064",4713,771509,27083,"남자","대학원졸","서울"
"2065",4714,1536813,51803,"남자","대학원졸","서울"
"2066",4715,252192,12032,"여자","대졸","그외"
"2067",4717,1838332,52232,"남자","대학원졸","서울"
"2068",4718,1368823,53782,"여자","고졸","서울"
"2069",4719,399248,15028,"여자","고졸","서울"
"2070",4725,822599,40810,"여자","대학원졸","서울"
"2071",4726,142331,8552,"여자","대졸","그외"
"2072",4728,14247,3482,"여자","대졸","그외"
"2073",4731,497435,22784,"남자","대학원졸","서울"
"2074",4732,198692,10298,"남자","대졸","그외"
"2075",4733,222164,8118,"여자","대졸","서울"
"2076",4740,316160,22909,"남자","대졸","서울"
"2077",4741,319039,9350,"남자","대학원졸","그외"
"2078",4742,208663,7706,"남자","대졸","그외"
"2079",4744,192150,16147,"여자","대졸","그외"
"2080",4746,688628,43544,"남자","대졸","서울"
"2081",4747,1053700,43867,"여자","대졸","서울"
"2082",4748,854457,49855,"여자","대졸","서울"
"2083",4750,223958,19233,"여자","대학원졸","서울"
"2084",4751,442297,18526,"남자","대졸","서울"
"2085",4754,583895,27718,"남자","대졸","서울"
"2086",4755,304550,25359,"여자","대졸","서울"
"2087",4757,209810,7784,"남자","대학원졸","그외"
"2088",4763,266439,16392,"여자","대졸","그외"
"2089",4765,134385,5354,"남자","대졸","그외"
"2090",4770,605635,24113,"여자","대졸","서울"
"2091",4772,963635,30716,"남자","대졸","서울"
"2092",4773,329159,17739,"남자","고졸","그외"
"2093",4780,873417,28633,"남자","대졸","서울"
"2094",4781,397677,16364,"여자","대졸","서울"
"2095",4782,186644,6955,"남자","고졸","그외"
"2096",4788,437189,17902,"남자","고졸","그외"
"2097",4789,752814,31043,"여자","대학원졸","서울"
"2098",4790,1405900,54203,"여자","대졸","서울"
"2099",4801,117695,6118,"남자","고졸","그외"
"2100",4802,200118,8602,"여자","대학원졸","서울"
"2101",4803,89843,3259,"여자","대졸","서울"
"2102",4806,1048576,59387,"여자","대졸","서울"
"2103",4807,491500,20934,"남자","대졸","그외"
"2104",4812,965387,40625,"남자","대졸","서울"
"2105",4813,554389,16595,"여자","대졸","그외"
"2106",4814,75624,3976,"남자","대졸","그외"
"2107",4815,146460,6368,"남자","대졸","그외"
"2108",4819,326089,12113,"여자","중졸이하","그외"
"2109",4826,1610436,52519,"남자","대졸","서울"
"2110",4828,580948,22652,"여자","대졸","그외"
"2111",4835,268121,16410,"남자","대졸","서울"
"2112",4836,991772,36442,"남자","대졸","서울"
"2113",4837,159451,5573,"여자","대졸","그외"
"2114",4841,198961,5263,"여자","대졸","그외"
"2115",4843,634674,34816,"여자","대졸","서울"
"2116",4844,184997,6569,"남자","대졸","그외"
"2117",4846,264059,12123,"남자","고졸","그외"
"2118",4847,332078,13932,"여자","대졸","그외"
"2119",4848,870119,38480,"남자","중졸이하","서울"
"2120",4850,20007,660,"남자","고졸","그외"
"2121",4851,418220,18369,"남자","대졸","그외"
"2122",4854,448264,17771,"여자","고졸","그외"
"2123",4856,285653,11869,"남자","중졸이하","그외"
"2124",4857,245402,12076,"여자","대졸","그외"
"2125",4858,169862,4375,"여자","대졸","서울"
"2126",4859,552194,23935,"남자","고졸","서울"
"2127",4861,886352,26297,"남자","대졸","그외"
"2128",4865,93580,4446,"여자","대학원졸","서울"
"2129",4866,643163,22181,"여자","대졸","그외"
"2130",4867,366991,20920,"남자","대졸","그외"
"2131",4868,493120,13483,"남자","고졸","그외"
"2132",4873,697596,53140,"여자","대졸","서울"
"2133",4874,1006996,33540,"남자","대졸","서울"
"2134",4879,353389,16832,"남자","고졸","그외"
"2135",4883,171342,9616,"남자","대졸","그외"
"2136",4886,154098,5704,"남자","고졸","그외"
"2137",4888,409102,14205,"여자","대졸","그외"
"2138",4889,334206,12158,"남자","대졸","그외"
"2139",4890,655459,25356,"남자","대졸","그외"
"2140",4891,507110,15305,"여자","대졸","서울"
"2141",4892,316737,26093,"여자","대졸","서울"
"2142",4894,316011,18228,"남자","대졸","서울"
"2143",4895,1058691,47516,"남자","대졸","서울"
"2144",4897,756575,45537,"여자","고졸","서울"
"2145",4898,480614,26720,"여자","고졸","서울"
"2146",4901,421320,16219,"여자","대졸","그외"
"2147",4907,398064,20963,"여자","대학원졸","서울"
"2148",4909,445186,23627,"남자","대졸","서울"
"2149",4912,2150162,80423,"남자","대학원졸","서울"
"2150",4913,598579,17423,"남자","대졸","그외"
"2151",4917,624588,15708,"남자","대졸","그외"
"2152",4919,174924,6374,"여자","대졸","그외"
"2153",4924,911178,36793,"남자","고졸","그외"
"2154",4925,538324,19696,"남자","대졸","서울"
"2155",4930,1187336,31933,"남자","고졸","서울"
"2156",4932,709501,25803,"여자","대학원졸","서울"
"2157",4933,1737512,35504,"남자","대졸","그외"
"2158",4937,361826,16603,"여자","대졸","서울"
"2159",4944,134857,8686,"여자","대졸","그외"
"2160",4950,685390,47750,"여자","대학원졸","그외"
"2161",4952,251871,10499,"남자","대학원졸","그외"
"2162",4955,704252,4712,"남자","대졸","그외"
"2163",4956,359556,13189,"남자","대졸","그외"
"2164",4957,227552,11223,"남자","고졸","그외"
"2165",4959,332808,18303,"여자","고졸","서울"
"2166",4962,556077,29876,"여자","대학원졸","그외"
"2167",4963,202734,21705,"남자","대졸","서울"
"2168",4964,557150,20780,"남자","대졸","그외"
"2169",4965,138514,6313,"여자","대졸","그외"
"2170",4968,1068260,45007,"남자","대졸","서울"
"2171",4974,362907,18723,"남자","고졸","서울"
"2172",4975,202195,10565,"남자","대졸","그외"
"2173",4978,571338,18267,"여자","대졸","서울"
"2174",4979,876134,47870,"남자","대졸","서울"
"2175",4981,142789,6933,"여자","대졸","서울"
"2176",4982,1318885,65124,"남자","대졸","서울"
"2177",4985,384801,15830,"여자","대졸","서울"
"2178",4992,463038,13337,"남자","고졸","서울"
"2179",4993,668053,17516,"남자","대졸","서울"
"2180",4994,758414,23369,"남자","중졸이하","그외"
"2181",4996,465988,17627,"여자","대졸","서울"
"2182",5000,200671,7184,"여자","고졸","서울"
