번호,발생시각,규모,깊이(km),위도,경도,위치
1200,2017.12.30 19:44,2,17,35.76 N,129.17 E,경북 경주시 남남서쪽 9km 지역
1199,2017.12.29 17:40,2.1,10,36.11 N,129.34 E,경북 포항시 북구 북북서쪽 8km 지역
1198,2017.12.27 19:42,2.3,8,36.11 N,129.36 E,경북 포항시 북구 북쪽 7km 지역
1197,2017.12.27 19:27,2.8,8,36.11 N,129.36 E,경북 포항시 북구 북쪽 7km 지역
1196,2017.12.26 4:05,2.2,7,36.14 N,129.37 E,경북 포항시 북구 북쪽 11km 지역
1195,2017.12.25 16:32,2.1,8,36.11 N,129.36 E,경북 포항시 북구 북쪽 7km 지역
1194,2017.12.25 16:19,3.5,10,36.11 N,129.36 E,경북 포항시 북구 북쪽 8km 지역
1193,2017.12.22 12:35,2.2,-,39.31 N,127.15 E,북한 함경남도 고원 남남서쪽 15km 지역
1192,2017.12.21 12:01,2,-,36.72 N,128.01 E,경북 문경시 북서쪽 21km 지역
1191,2017.12.20 19:22,2.3,18,36.09 N,125.64 E,충남 태안군 서격렬비도 남쪽 57km 해역
1190,2017.12.19 13:34,2.1,7,35.77 N,129.42 E,경북 경주시 동남동쪽 20km 지역
1189,2017.12.12 10:06,2.5,-,38.32 N,126.18 E,북한 황해북도 평산 서쪽 19km 지역
1188,2017.12.9 16:15,2.3,23,35.61 N,129.99 E,울산 동구 동북동쪽 54km 해역
1187,2017.12.9 15:40,2.8,-,41.31 N,129.11 E,북한 함경북도 길주 북북서쪽 43km 지역
1186,2017.12.9 15:13,3,16,41.32 N,129.10 E,북한 함경북도 길주 북북서쪽 45km 지역
1185,2017.12.9 2:39,2.3,9,36.10 N,129.35 E,경북 포항시 북구 북북서쪽 7km 지역
1184,2017.12.9 1:49,2.2,8,36.10 N,129.35 E,경북 포항시 북구 북북서쪽 7km 지역
1183,2017.12.5 23:40,2.7,-,41.32 N,129.13 E,북한 함경북도 길주 북북서쪽 44km 지역
1182,2017.12.5 21:19,2.1,11,36.02 N,129.45 E,경북 포항시 남구 동쪽 9km 해역
1181,2017.12.4 21:55,2.5,21,33.42 N,127.15 E,제주 서귀포시 성산 동쪽 25km 해역
1180,2017.12.3 1:13,2.1,13,36.75 N,128.82 E,경북 안동시 북북동쪽 22km 지역
1179,2017.12.2 7:45,2.5,-,41.32 N,129.20 E,북한 함경북도 길주 북북서쪽 43km 지역
1178,2017.12.1 16:23,2.7,8,33.24 N,127.32 E,제주 서귀포시 성산 동남동쪽 44km 해역
1177,2017.12.1 8:03,2.4,7,36.10 N,129.35 E,경북 포항시 북구 북북서쪽 7km 지역
1176,2017.11.26 3:13,2.9,-,36.69 N,124.65 E,충남 태안군 서격렬비도 서쪽 79km 해역
1175,2017.11.25 14:10,2.3,8,36.11 N,129.35 E,경북 포항시 북구 북쪽 7km 지역
1174,2017.11.25 12:51,2,8,36.10 N,129.35 E,경북 포항시 북구 북쪽 7km 지역
1173,2017.11.24 21:27,2.3,13,34.05 N,125.57 E,전남 신안군 흑산면 남쪽 68km 해역
1172,2017.11.24 1:17,2.3,8,36.11 N,129.35 E,경북 포항시 북구 북쪽 7km 지역
1171,2017.11.24 0:29,2.6,-,37.23 N,125.04 E,인천 옹진군 연평도 남서쪽 76km 해역
1170,2017.11.23 23:27,2.3,14,36.11 N,129.37 E,경북 포항시 북구 북쪽 8km 지역
1169,2017.11.22 22:15,2,8,36.12 N,129.35 E,경북 포항시 북구 북쪽 9km 지역
1168,2017.11.22 12:41,2.5,8,36.10 N,129.35 E,경북 포항시 북구 북북서쪽 6km 지역
1167,2017.11.21 9:53,2.4,-,36.11 N,129.33 E,경북 포항시 북구 북북서쪽 8km 지역
1166,2017.11.21 8:57,2.1,9,36.09 N,129.34 E,경북 포항시 북구 북북서쪽 5km 지역
1165,2017.11.21 5:58,2,13,36.09 N,129.35 E,경북 포항시 북구 북쪽 6km 지역
1164,2017.11.20 6:05,3.6,12,36.14 N,129.36 E,경북 포항시 북구 북쪽 11km 지역
1163,2017.11.19 23:45,3.5,9,36.12 N,129.36 E,경북 포항시 북구 북쪽 9km 지역
1162,2017.11.19 6:40,2.2,11,36.09 N,129.34 E,경북 포항시 북구 북북서쪽 6km 지역
1161,2017.11.19 5:07,2.1,8,36.12 N,129.38 E,경북 포항시 북구 북쪽 9km 지역
1160,2017.11.19 3:33,2.4,12,36.09 N,129.35 E,경북 포항시 북구 북북서쪽 6km 지역
1159,2017.11.19 1:18,2,8,36.11 N,129.34 E,경북 포항시 북구 북북서쪽 8km 지역
1158,2017.11.17 18:57,2.6,12,36.10 N,129.35 E,경북 포항시 북구 북북서쪽 6km 지역
1157,2017.11.17 8:25,2.1,11,36.12 N,129.37 E,경북 포항시 북구 북쪽 8km지역
1156,2017.11.17 1:17,2.1,11,36.08 N,129.33 E,경북 포항시 북구 북북서쪽 6km지역
1155,2017.11.16 19:05,2.4,9,36.12 N,129.36 E,경북 포항시 북구 북쪽 9km지역
1154,2017.11.16 17:32,2.2,8,36.12 N,129.36 E,경북 포항시 북구 북쪽 9km지역
1153,2017.11.16 17:31,2,8,36.11 N,129.37 E,경북 포항시 북구 북쪽 7km지역
1152,2017.11.16 16:48,2.4,12,36.12 N,129.36 E,경북 포항시 북구 북쪽 8km 지역
1151,2017.11.16 14:31,2,10,36.10 N,129.34 E,경북 포항시 북구 북북서쪽 7km 지역
1150,2017.11.16 14:04,2.3,7,36.13 N,129.37 E,경북 포항시 북구 북쪽 10km 지역
1149,2017.11.16 10:37,2.3,11,36.10 N,129.35 E,경북 포항시 북구 북북서쪽 6km 지역
1148,2017.11.16 9:47,2.1,11,36.12 N,129.37 E,경북 포항시 북구 북쪽 9km 지역
1147,2017.11.16 9:02,3.6,8,36.12 N,129.37 E,경북 포항시 북구 북쪽 8km 지역
1146,2017.11.16 5:54,2.5,10,36.09 N,129.34 E,경북 포항시 북구 북북서쪽 6km 지역
1145,2017.11.16 5:03,2,8,36.08 N,129.34 E,경북 포항시 북구 북북서쪽 5km 지역
1144,2017.11.16 2:37,2.3,8,36.14 N,129.37 E,경북 포항시 북구 북쪽 11km 지역
1143,2017.11.16 1:36,2.5,14,36.14 N,129.36 E,경북 포항시 북구 북쪽 10km 지역
1142,2017.11.16 1:23,2.1,11,36.09 N,129.35 E,경북 포항시 북구 북북서쪽 6km 지역
1141,2017.11.16 0:38,2,9,36.09 N,129.35 E,경북 포항시 북구 북북서쪽 6km 지역
1140,2017.11.16 0:21,2.4,8,36.14 N,129.35 E,경북 포항시 북구 북쪽 10km 지역
1139,2017.11.15 23:18,2.1,10,36.13 N,129.38 E,경북 포항시 북구 북쪽 10km 지역
1138,2017.11.15 23:05,2,12,36.10 N,129.36 E,경북 포항시 북구 북쪽 6km 지역
1137,2017.11.15 22:43,2.1,10,36.10 N,129.36 E,경북 포항시 북구 북쪽 7km 지역
1136,2017.11.15 22:24,2.1,7,36.14 N,129.38 E,경북 포항시 북구 북쪽 11km 지역
1135,2017.11.15 21:59,2.1,7,36.14 N,129.36 E,경북 포항시 북구 북쪽 10km 지역
1134,2017.11.15 21:35,2,11,36.11 N,129.36 E,경북 포항시 북구 북쪽 8km 지역
1133,2017.11.15 20:54,2.4,10,36.10 N,129.35 E,경북 포항시 북구 북북서쪽 7km 지역
1132,2017.11.15 18:59,2.1,9,36.11 N,129.35 E,경북 포항시 북구 북쪽 8km 지역
1131,2017.11.15 18:58,2.2,8,36.10 N,129.35 E,경북 포항시 북구 북북서쪽 7km 지역
1130,2017.11.15 18:57,2.3,8,36.11 N,129.35 E,경북 포항시 북구 북북서쪽 8km 지역
1129,2017.11.15 18:51,2,11,36.14 N,129.38 E,경북 포항시 북구 북쪽 11km 지역
1128,2017.11.15 18:48,2.1,5,36.14 N,129.38 E,경북 포항시 북구 북쪽 11km 지역
1127,2017.11.15 18:41,2.1,11,36.09 N,129.32 E,경북 포항시 북구 북서쪽 6km 지역
1126,2017.11.15 17:42,2.2,10,36.14 N,129.37 E,경북 포항시 북구 북쪽 11km 지역
1125,2017.11.15 17:11,2.8,-,36.08 N,129.31 E,경북 포항시 북구 북서쪽 7km 지역
1124,2017.11.15 16:57,2.2,7,36.14 N,129.37 E,경북 포항시 북구 북쪽 11km 지역
1123,2017.11.15 16:49,4.3,10,36.12 N,129.36 E,경북 포항시 북구 북쪽 9km 지역
1122,2017.11.15 16:18,2,6,36.14 N,129.36 E,경북 포항시 북구 북쪽 11km 지역
1121,2017.11.15 16:16,2.4,8,36.09 N,129.35 E,경북 포항시 북구 북북서쪽 6km 지역
1120,2017.11.15 16:11,2.9,12,36.13 N,129.36 E,경북 포항시 북구 북쪽 10km 지역
1119,2017.11.15 15:55,2.2,10,36.12 N,129.37 E,경북 포항시 북구 북쪽 9km 지역
1118,2017.11.15 15:36,2.3,7,36.09 N,129.33 E,경북 포항시 북구 북북서쪽 6km 지역
1117,2017.11.15 15:23,2.6,11,36.09 N,129.35 E,경북 포항시 북구 북북서쪽 6km 지역
1116,2017.11.15 15:19,2.4,11,36.14 N,129.38 E,경북 포항시 북구 북쪽 11km 지역
1115,2017.11.15 15:14,2.5,9,36.11 N,129.35 E,경북 포항시 북구 북쪽 8km 지역
1114,2017.11.15 15:09,3.5,8,36.09 N,129.34 E,경북 포항시 북구 북북서쪽 6km 지역
1113,2017.11.15 15:00,2.9,8,36.11 N,129.35 E,경북 포항시 북구 북쪽 7km 지역
1112,2017.11.15 14:58,2.9,-,36.12 N,129.37 E,경북 포항시 북구 북쪽 9km 지역
1111,2017.11.15 14:56,2.8,12,36.10 N,129.35 E,경북 포항시 북구 북북서쪽 7km 지역
1110,2017.11.15 14:52,2.4,9,36.11 N,129.35 E,경북 포항시 북구 북쪽 8km 지역
1109,2017.11.15 14:50,2.4,8,36.10 N,129.36 E,경북 포항시 북구 북쪽 6km 지역
1108,2017.11.15 14:46,2.5,6,36.12 N,129.39 E,경북 포항시 북구 북북동쪽 9km 지역
1107,2017.11.15 14:32,3.6,8,36.10 N,129.36 E,경북 포항시 북구 북쪽 7km 지역
1106,2017.11.15 14:29,5.4,7,36.11 N,129.37 E,경북 포항시 북구 북쪽 8km 지역
1105,2017.11.15 14:22,2.6,-,36.08 N,129.31 E,경북 포항시 북구 북서쪽 7km 지역
1104,2017.11.15 14:22,2.2,9,36.11 N,129.36 E,경북 포항시 북구 북쪽 7km 지역
1103,2017.11.14 2:17,2.7,-,37.29 N,124.82 E,인천 백령도 남쪽 75km 해역
1102,2017.11.11 17:18,2.2,18,34.84 N,127.46 E,전남 순천시 남남서쪽 12km 지역
1101,2017.11.9 13:29,2,16,35.75 N,129.18 E,경북 경주시 남남서쪽 10km 지역
1100,2017.11.8 17:52,2,9,35.16 N,128.57 E,경남 창원 마산합포구 남쪽 4km 지역
1099,2017.11.8 9:35,2.5,13,33.05 N,126.20 E,제주 제주시 고산 남쪽 28km 해역
1098,2017.10.30 11:02,2.1,10,36.42 N,126.48 E,충남 보령시 북서쪽 15km 해역
1097,2017.10.29 2:14,2.2,12,34.39 N,127.34 E,전남 고흥군 남남동쪽 25km 해역
1096,2017.10.21 13:11,2.7,12,33.63 N,126.05 E,제주 제주시 고산 북북서쪽 39km 해역
1095,2017.10.20 12:20,2.2,11,38.44 N,126.16 E,북한 황해북도 평산 서북서쪽 24km 지역
1094,2017.10.20 6:41,2,13,35.90 N,127.54 E,전북 진안군 북동쪽 15km 지역
1093,2017.10.18 4:56,2.6,16,36.59 N,129.45 E,경북 영덕군 북북동쪽 20km 해역
1092,2017.10.16 15:51,2.5,14,35.79 N,129.19 E,경북 경주시 남남서쪽 6km 지역
1091,2017.10.16 6:08,2.8,18,33.86 N,125.30 E,전남 신안군 흑산면 남쪽 89km 해역
1090,2017.10.13 1:41,2.7,-,41.39 N,129.03 E,북한 함경북도 길주 북북서쪽 54km 지역
1089,2017.10.8 12:18,2.8,16,34.84 N,127.25 E,전남 보성군 동북동쪽 17km 지역
1088,2017.10.4 12:10,2.1,11,36.16 N,127.13 E,충남 논산시 남동쪽 4km 지역
1087,2017.10.4 2:11,2.4,22,35.56 N,129.88 E,울산 동구 동쪽 42km 해역
1086,2017.9.30 15:34,2.5,18,33.42 N,127.15 E,제주 서귀포시 성산 동쪽 25km 해역
1085,2017.9.23 17:29,3.2,-,41.35 N,129.06 E,북한 함경북도 길주 북북서쪽 49km 지역
1084,2017.9.23 13:43,2.6,-,41.35 N,129.06 E,북한 함경북도 길주 북북서쪽 49km 지역
1083,2017.9.16 1:34,2.2,19,34.25 N,127.13 E,전남 여수시 거문도 북서쪽 29km 해역
1082,2017.9.11 17:25,3.2,-,35.29 N,124.16 E,전남 신안군 흑산면 서북서쪽 139km 해역
1081,2017.9.7 14:58,2.9,19,37.60 N,125.34 E,인천 옹진군 연평도 서남서쪽 33km 해역
1080,2017.9.1 5:57,2.1,18,36.42 N,127.21 E,충남 공주시 동남동쪽 9km 지역
1079,2017.8.29 22:06,2.4,7,35.31 N,125.36 E,전남 영광군 안마도 서쪽 61km 해역
1078,2017.8.21 1:30,2.1,-,38.82 N,126.13 E,북한 평양 동남동쪽 39km 지역
1077,2017.8.16 0:35,2.5,-,38.73 N,125.69 E,북한 황해북도 송림 동쪽 5km 지역
1076,2017.8.15 21:32,2.6,-,38.73 N,125.67 E,북한 황해북도 송림 동쪽 3km 지역
1075,2017.8.9 13:53,2.7,12,33.87 N,125.52 E,전남 신안군 흑산면 남쪽 87km 해역
1074,2017.8.7 20:53,2.6,-,38.70 N,125.63 E,북한 황해북도 송림 남남서쪽 4km 지역
1073,2017.7.20 14:38,2,11,37.39 N,129.54 E,강원 삼척시 동남동쪽 33km 해역
1072,2017.7.19 10:23,2.2,28,33.77 N,126.12 E,제주 제주시 북서쪽 48km 해역
1071,2017.7.18 10:31,2.7,17,37.69 N,126.19 E,인천 강화군 서남서쪽 27km 해역
1070,2017.7.9 3:43,2.1,18,33.51 N,125.73 E,제주 제주시 고산 서북서쪽 47km 해역
1069,2017.7.8 23:45,2.8,-,40.40 N,127.29 E,북한 함경남도 장진 동북동쪽 5km 지역
1068,2017.7.6 6:00,2.4,6,36.00 N,127.94 E,경북 김천시 남서쪽 22km 지역
1067,2017.7.5 19:17,2.5,5,35.99 N,127.97 E,경북 김천시 남서쪽 21km 지역
1066,2017.6.28 13:00,2.7,-,40.00 N,125.81 E,북한 평안북도 영변 북쪽 22km 지역
1065,2017.6.27 20:17,2,-,35.77 N,129.20 E,경북 경주시 남남서쪽 8km 지역
1064,2017.6.20 11:02,2,-,35.85 N,129.08 E,경북 경주시 서쪽 12km 지역
1063,2017.6.17 14:30,2.3,-,33.38 N,127.21 E,제주 서귀포시 성산 동쪽 30km 해역
1062,2017.6.15 16:56,2.4,-,36.54 N,125.07 E,충남 태안군 서격렬비도 서쪽 42km 해역
1061,2017.6.14 2:43,2.2,-,38.34 N,126.14 E,북한 황해북도 평산 서쪽 22km 지역
1060,2017.6.13 8:01,2.1,-,35.74 N,129.18 E,경북 경주시 남남서쪽 11km 지역
1059,2017.6.11 20:31,2.5,-,35.77 N,129.17 E,경북 경주시 남남서쪽 9km 지역
1058,2017.6.11 18:16,2,-,37.28 N,129.21 E,강원 삼척시 남남동쪽 19km 지역
1057,2017.6.4 5:16,2.1,-,36.83 N,128.10 E,충북 충주시 남동쪽 24km 지역
1056,2017.5.28 15:47,2.7,-,35.67 N,129.56 E,울산 북구 동북동쪽 20km 해역
1055,2017.5.25 11:20,3,-,36.96 N,124.40 E,충남 태안군 서격렬비도 서북서쪽 109km 해역
1054,2017.5.20 22:29,2.9,-,37.73 N,129.62 E,강원 동해시 동북동쪽 50km 해역
1053,2017.5.20 16:29,2,-,35.92 N,128.27 E,경북 성주군 북서쪽 1km 지역
1052,2017.5.16 23:29,2.2,-,36.60 N,128.92 E,경북 안동시 동북동쪽 17km 지역
1051,2017.5.16 20:06,2.1,-,36.85 N,124.55 E,충남 태안군 서격렬비도 서북서쪽 92km 해역
1050,2017.5.13 18:37,2.8,-,36.61 N,129.44 E,경북 영덕군 북북동쪽 23km 해역
1049,2017.5.10 22:31,2.1,-,36.61 N,129.45 E,경북 영덕군 북북동쪽 23km 해역
1048,2017.5.10 14:06,2.5,-,35.88 N,126.19 E,전북 부안군 위도 북북서쪽 32km 해역
1047,2017.5.5 23:16,3,-,35.32 N,127.43 E,전남 구례군 북북서쪽 13km 지역
1046,2017.5.5 0:02,2,-,36.73 N,128.10 E,경북 문경시 북북서쪽 18km 지역
1045,2017.5.4 21:46,2.4,-,36.74 N,128.10 E,경북 문경시 북북서쪽 18km 지역
1044,2017.5.4 1:08,2.6,-,36.61 N,129.44 E,경북 영덕군 북북동쪽 22km 해역
1043,2017.4.28 11:19,2.1,-,36.60 N,128.81 E,경북 안동시 동북동쪽 8km 지역
1042,2017.4.28 5:54,2.4,-,33.33 N,127.85 E,제주 서귀포시 성산 동쪽 90km 해역
1041,2017.4.20 16:00,3.2,-,33.77 N,127.28 E,전남 여수시 거문도 남쪽 29km 해역
1040,2017.4.18 17:36,2.1,-,35.50 N,128.88 E,경남 밀양시 동쪽 12km 지역
1039,2017.4.18 1:17,2,-,35.76 N,129.18 E,경북 경주시 남남서쪽 9km 지역
1038,2017.4.16 21:39,2.2,-,36.70 N,125.18 E,충남 태안군 서격렬비도 서북서쪽 33km 해역
1037,2017.4.15 17:16,2,-,36.11 N,129.37 E,경북 포항시 북구 북쪽 8km 지역
1036,2017.4.15 11:31,3.1,-,36.11 N,129.36 E,경북 포항시 북구 북쪽 8km 지역
1035,2017.4.15 5:41,2.2,-,35.76 N,129.18 E,경북 경주시 남남서쪽 9km 지역
1034,2017.4.10 4:02,2.3,-,35.16 N,128.77 E,경남 창원시 진해구 동북동쪽 6km 지역
1033,2017.4.9 14:12,2.4,-,38.99 N,126.20 E,북한 평안남도 성천 남쪽 28km 지역
1032,2017.4.9 1:45,2.1,-,35.76 N,129.20 E,경북 경주시 남쪽 9km 지역
1031,2017.4.8 23:13,2.1,-,38.72 N,125.61 E,북한 황해북도 송림 북북서쪽 2km 지역
1030,2017.4.8 18:20,2.7,-,35.76 N,129.18 E,경북 경주시 남남서쪽 9km 지역
1029,2017.4.7 0:04,2,-,35.97 N,127.80 E,전북 무주군 동남동쪽 13km 지역
1028,2017.4.4 23:25,2.2,-,35.67 N,129.85 E,울산 동구 동북동쪽 43km 해역
1027,2017.4.1 16:04,2.2,-,35.78 N,129.20 E,경북 경주시 남남서쪽 7km 지역
1026,2017.3.31 13:53,2.5,-,35.78 N,129.20 E,경북 경주시 남남서쪽 6km 지역
1025,2017.3.31 13:46,3.3,-,35.78 N,129.20 E,경북 경주시 남남서쪽 7km 지역
1024,2017.3.30 21:49,2,-,35.76 N,129.19 E,경북 경주시 남남서쪽 9km 지역
1023,2017.3.28 15:45,2,-,35.79 N,129.20 E,경북 경주시 남남서쪽 5km 지역
1022,2016.12.31 8:01,2.6,,39.31 N,126.27 E,북한 평안남도 성천 북북동쪽 9km 지역
1021,2016.12.30 15:04,2.5,,38.64 N,125.76 E,북한 황해북도 사리원 북쪽 15km 지역
1020,2016.12.29 21:32,2.3,,36.12 N,129.36 E,경북 포항시 북구 북쪽 9km 지역
1019,2016.12.29 5:53,2.6,,38.71 N,125.76 E,북한 황해북도 송림 동남동쪽 11km 지역
1018,2016.12.25 6:29,2.5,,35.78 N,129.31 E,경북 경주시 남동쪽 11km 지역
1017,2016.12.25 1:59,2.4,,35.25 N,129.39 E,부산 기장군 동쪽 15km 해역
1016,2016.12.23 5:31,2.2,,36.12 N,129.36 E,경북 포항시 북구 북쪽 9km 지역
1015,2016.12.22 21:13,2.2,,34.45 N,128.54 E,경남 통영시 매물도 남쪽 22km 해역
1014,2016.12.15 17:14,2.1,,35.76 N,129.19 E,경북 경주시 남남서쪽 9km 지역
1013,2016.12.14 17:20,3.3,,35.76 N,129.17 E,경북 경주시 남남서쪽 10km 지역
1012,2016.12.14 10:05,2.1,,36.54 N,128.08 E,경북 상주시 북북서쪽 16km 지역
1011,2016.12.12 17:53,3.3,,35.76 N,129.18 E,경북 경주시 남남서쪽 9km 지역
1010,2016.12.12 4:46,2.2,,35.76 N,129.18 E,경북 경주시 남남서쪽 9km 지역
1009,2016.12.11 16:05,2.6,,36.07 N,125.57 E,충남 태안군 서격렬비도 남쪽 59km 해역
1008,2016.12.10 15:51,2,,37.63 N,129.68 E,강원 삼척시 동북동쪽 50km 해역
1007,2016.12.10 0:51,2.1,,35.77 N,129.17 E,경북 경주시 남남서쪽 9km 지역
1006,2016.12.9 11:30,2.4,,35.69 N,129.36 E,경북 경주시 남동쪽 21km 지역
1005,2016.12.7 22:34,2.4,,37.18 N,125.48 E,인천 옹진군 연평도 남남서쪽 57km 해역
1004,2016.12.5 7:42,2.1,,35.81 N,129.72 E,경북 포항시 남구 남동쪽 39km 해역
1003,2016.12.5 0:47,2.1,,35.77 N,129.18 E,경북 경주시 남남서쪽 8km 지역
1002,2016.12.2 4:45,2.1,,35.76 N,129.19 E,경북 경주시 남남서쪽 9km 지역
1001,2016.11.29 10:09,2.9,,33.40 N,125.72 E,제주 제주시 고산 서북서쪽 43km 해역
1000,2016.11.28 23:33,2.2,,38.49 N,126.14 E,북한 황해북도 평산 북서쪽 28km 지역
999,2016.11.28 20:57,2.4,,35.77 N,129.19 E,경북 경주시 남남서쪽 8km 지역
998,2016.11.27 20:08,2.2,,36.02 N,127.39 E,충남 금산군 남서쪽 13km 지역
997,2016.11.27 6:53,2.5,,36.34 N,127.33 E,대전 유성구 남서쪽 3km 지역
996,2016.11.25 18:53,2.3,,35.75 N,129.17 E,경북 경주시 남남서쪽 11km 지역
995,2016.11.19 3:29,2.1,,35.76 N,129.19 E,경북 경주시 남남서쪽 9km 지역
994,2016.11.18 2:02,2,,35.51 N,128.09 E,경남 합천군 남서쪽 9km 지역
993,2016.11.16 23:15,2.1,,34.86 N,125.08 E,전남 신안군 흑산면 서북서쪽 43km 해역
992,2016.11.15 16:27,2,,35.76 N,129.19 E,경북 경주시 남남서쪽 9km 지역
991,2016.11.15 12:22,2.5,,38.35 N,128.09 E,북한 강원도 금강군 남남동쪽 29km 지역
990,2016.11.13 21:52,3.5,,36.36 N,126.63 E,충남 보령시 북북동쪽 4km 지역
989,2016.11.13 2:27,2.3,,38.76 N,125.66 E,북한 황해북도 송림 북동쪽 3km 지역
988,2016.11.10 22:37,2.5,,36.46 N,129.89 E,경북 영덕군 동쪽 47km 해역
987,2016.11.9 20:55,2.3,,36.55 N,129.60 E,경북 영덕군 북동쪽 26km 해역
986,2016.11.6 6:26,3.5,,33.76 N,125.07 E,전남 신안군 흑산면 남남서쪽 106km 해역
985,2016.11.3 23:35,2.6,,35.32 N,128.49 E,경남 함안군 북동쪽 9km 지역
984,2016.11.3 10:36,2.3,,35.76 N,129.19 E,경북 경주시 남남서쪽 9km 지역
983,2016.11.3 10:02,2.3,,35.76 N,129.19 E,경북 경주시 남남서쪽 9km 지역
982,2016.11.3 3:46,2.1,,35.75 N,129.18 E,경북 경주시 남남서쪽 10km 지역
981,2016.11.2 3:01,2.3,,33.53 N,126.88 E,제주 제주시 동쪽 33km 지역
980,2016.10.25 19:57,2.4,,35.70 N,129.37 E,경북 경주시 남동쪽 21km 지역
979,2016.10.25 3:23,2,,35.76 N,129.19 E,경북 경주시 남남서쪽 9km 지역
978,2016.10.24 9:02,2.2,,37.25 N,127.02 E,경기 수원시 권선구 동쪽 4km 지역
977,2016.10.23 3:00,2.7,,35.78 N,129.20 E,경북 경주시 남남서쪽 7km 지역
976,2016.10.21 12:47,2.6,,35.75 N,129.17 E,경북 경주시 남남서쪽 11km 지역
975,2016.10.21 10:13,2.2,,36.46 N,126.87 E,충남 청양군 동쪽 6km 지역
974,2016.10.20 12:17,2.4,,35.76 N,129.19 E,경북 경주시 남남서쪽 9km 지역
973,2016.10.15 23:49,2.2,,35.76 N,129.17 E,경북 경주시 남남서쪽 10km 지역
972,2016.10.15 18:55,2.5,,35.74 N,129.18 E,경북 경주시 남남서쪽 11km 지역
971,2016.10.14 8:20,2.3,,35.76 N,129.19 E,경북 경주시 남남서쪽 9km 지역
970,2016.10.12 0:29,2.9,,35.76 N,129.18 E,경북 경주시 남남서쪽 9km 지역
969,2016.10.10 22:59,3.3,,35.75 N,129.18 E,경북 경주시 남남서쪽 10km 지역
968,2016.10.9 14:03,2.2,,35.08 N,126.93 E,광주 동구 남쪽 7km 지역
967,2016.10.7 17:17,2.2,,35.77 N,129.23 E,경북 경주시 남쪽 8km 지역
966,2016.10.5 23:29,2.3,,38.76 N,125.62 E,북한 황해북도 송림 북북서쪽 3km 지역
965,2016.10.4 15:16,2.6,,35.76 N,129.19 E,경북 경주시 남남서쪽 9km 지역
964,2016.10.2 20:53,3,,35.75 N,129.19 E,경북 경주시 남남서쪽 10km 지역
963,2016.10.1 17:00,2.3,,35.76 N,129.18 E,경북 경주시 남남서쪽 9km 지역
962,2016.10.1 13:04,2,,35.76 N,129.18 E,경북 경주시 남남서쪽 9km 지역
961,2016.9.30 21:52,2.2,,35.75 N,129.18 E,경북 경주시 남남서쪽 10km 지역
960,2016.9.30 18:06,2.3,,35.76 N,129.16 E,경북 경주시 남남서쪽 10km 지역
959,2016.9.30 16:24,2,,35.77 N,129.16 E,경북 경주시 남남서쪽 9km 지역
958,2016.9.30 11:09,2.1,,35.76 N,129.18 E,경북 경주시 남남서쪽 9km 지역
957,2016.9.28 21:10,2.7,,35.77 N,129.17 E,경북 경주시 남남서쪽 9km 지역
956,2016.9.28 19:00,2.6,,38.74 N,125.73 E,북한 황해북도 송림 동쪽 8km 지역
955,2016.9.28 18:54,2.8,,38.74 N,125.69 E,북한 황해북도 송림 동쪽 5km 지역
954,2016.9.28 16:34,3.1,,35.76 N,129.18 E,경북 경주시 남남서쪽 9km 지역
953,2016.9.24 19:56,2.5,,35.79 N,129.19 E,경북 경주시 남남서쪽 6km 지역
952,2016.9.23 18:21,2.1,,35.76 N,129.18 E,경북 경주시 남남서쪽 9km 지역
951,2016.9.22 3:22,2.1,,35.76 N,129.18 E,경북 경주시 남남서쪽 9km 지역
950,2016.9.22 0:01,2.3,,35.76 N,129.18 E,경북 경주시 남남서쪽 9km 지역
949,2016.9.21 11:53,3.5,,35.75 N,129.18 E,경북 경주시 남남서쪽 10km 지역
948,2016.9.21 11:36,2.2,,35.78 N,129.15 E,경북 경주시 남서쪽 9km 지역
947,2016.9.21 3:36,2.9,,35.77 N,129.18 E,경북 경주시 남남서쪽 8km 지역
946,2016.9.21 0:59,2.1,,35.76 N,129.18 E,경북 경주시 남남서쪽 9km 지역
945,2016.9.20 20:03,2.1,,35.77 N,129.19 E,경북 경주시 남남서쪽 8km 지역
944,2016.9.20 15:05,2.5,,38.36 N,128.09 E,강원 양구군 북북동쪽 29km 지역(북한지역)
943,2016.9.20 9:58,2.4,,35.76 N,129.20 E,경북 경주시 남쪽 9km 지역
942,2016.9.19 21:00,2.1,,35.75 N,129.17 E,경북 경주시 남남서쪽 11km 지역
941,2016.9.19 20:33,4.5,,35.74 N,129.18 E,경북 경주시 남남서쪽 11km 지역
940,2016.9.19 9:17,2.1,,35.76 N,129.17 E,경북 경주시 남남서쪽 10km 지역
939,2016.9.18 22:38,2,,35.75 N,129.18 E,경북 경주시 남남서쪽 10km 지역
938,2016.9.18 16:27,2.4,,35.76 N,129.17 E,경북 경주시 남남서쪽 10km 지역
937,2016.9.17 16:21,2.1,,35.76 N,129.18 E,경북 경주시 남남서쪽 9km 지역
936,2016.9.17 7:12,2.1,,35.76 N,129.18 E,경북 경주시 남남서쪽 9km 지역
935,2016.9.16 21:14,2.2,,35.76 N,129.18 E,경북 경주시 남남서쪽 9km 지역
934,2016.9.16 19:54,2.1,,35.74 N,129.17 E,경북 경주시 남남서쪽 12km 지역
933,2016.9.16 19:15,2,,35.76 N,129.18 E,경북 경주시 남남서쪽 10km 지역
932,2016.9.16 18:58,2,,35.75 N,129.18 E,경북 경주시 남남서쪽 10km 지역
931,2016.9.16 15:13,2.3,,35.76 N,129.17 E,경북 경주시 남남서쪽 10km 지역
930,2016.9.16 5:31,2.2,,35.78 N,129.19 E,경북 경주시 남남서쪽 7km 지역
929,2016.9.15 20:48,2.6,,35.76 N,129.19 E,경북 경주시 남남서쪽 9km 지역
928,2016.9.15 19:47,2.2,,35.77 N,129.19 E,경북 경주시 남남서쪽 8km 지역
927,2016.9.15 3:22,2.7,,35.76 N,129.18 E,경북 경주시 남남서쪽 9km 지역
926,2016.9.14 22:31,2.4,,35.76 N,129.17 E,경북 경주시 남남서쪽 10km 지역
925,2016.9.14 17:27,2.3,,35.77 N,129.17 E,경북 경주시 남남서쪽 9km 지역
924,2016.9.14 16:47,2.1,,35.77 N,129.18 E,경북 경주시 남남서쪽 8km 지역
923,2016.9.14 12:38,2.2,,35.78 N,129.19 E,경북 경주시 남남서쪽 7km 지역
922,2016.9.14 11:57,2.4,,33.93 N,126.62 E,전남 완도군 남남서쪽 44km 해역
921,2016.9.14 4:43,2.1,,35.77 N,129.17 E,경북 경주시 남남서쪽 9km 지역
920,2016.9.14 3:55,2.4,,35.76 N,129.18 E,경북 경주시 남남서쪽 9km 지역
919,2016.9.14 1:37,2.1,,35.77 N,129.18 E,경북 경주시 남남서쪽 8km 지역
918,2016.9.14 0:48,3,,35.75 N,129.18 E,경북 경주시 남남서쪽 11km 지역
917,2016.9.13 23:08,2.3,,35.73 N,129.36 E,경북 경주시 남동쪽 18km 지역
916,2016.9.13 21:49,2.1,,35.76 N,129.17 E,경북 경주시 남남서쪽 10km 지역
915,2016.9.13 18:54,2.1,,35.76 N,129.18 E,경북 경주시 남남서쪽 9km 지역
914,2016.9.13 17:15,2,,35.77 N,129.18 E,경북 경주시 남남서쪽 9km 지역
913,2016.9.13 16:52,2.5,,35.75 N,129.18 E,경북 경주시 남남서쪽 10km 지역
912,2016.9.13 16:21,2,,35.75 N,129.17 E,경북 경주시 남남서쪽 10km 지역
911,2016.9.13 16:02,2.5,,35.76 N,129.20 E,경북 경주시 남쪽 9km 지역
910,2016.9.13 14:41,2.1,,35.76 N,129.17 E,경북 경주시 남남서쪽 10km 지역
909,2016.9.13 14:31,3,,35.76 N,129.18 E,경북 경주시 남남서쪽 9km 지역
908,2016.9.13 13:18,2.1,,35.77 N,129.17 E,경북 경주시 남남서쪽 9km 지역
907,2016.9.13 13:16,2.4,,35.77 N,129.17 E,경북 경주시 남남서쪽 9km 지역
906,2016.9.13 13:09,2.3,,35.77 N,129.17 E,경북 경주시 남남서쪽 9km 지역
905,2016.9.13 12:33,2,,35.76 N,129.16 E,경북 경주시 남남서쪽 10km 지역
904,2016.9.13 12:27,2.2,,35.78 N,129.19 E,경북 경주시 남남서쪽 7km 지역
903,2016.9.13 10:58,2,,35.76 N,129.18 E,경북 경주시 남남서쪽 9km 지역
902,2016.9.13 10:44,2.2,,35.76 N,129.18 E,경북 경주시 남남서쪽 9km 지역
901,2016.9.13 10:05,2,,35.76 N,129.18 E,경북 경주시 남남서쪽 9km 지역
900,2016.9.13 10:01,2.3,,35.78 N,129.19 E,경북 경주시 남남서쪽 7km 지역
899,2016.9.13 9:23,2.3,,35.76 N,129.18 E,경북 경주시 남남서쪽 9km 지역
898,2016.9.13 8:47,2.3,,35.76 N,129.17 E,경북 경주시 남남서쪽 10km 지역
897,2016.9.13 8:24,3.2,,35.76 N,129.17 E,경북 경주시 남남서쪽 10km 지역
896,2016.9.13 7:47,2.4,,35.77 N,129.18 E,경북 경주시 남남서쪽 8km 지역
895,2016.9.13 7:03,2.1,,35.77 N,129.19 E,경북 경주시 남남서쪽 8km 지역
894,2016.9.13 6:48,2,,35.78 N,129.18 E,경북 경주시 남남서쪽 7km 지역
893,2016.9.13 6:15,2.3,,35.77 N,129.18 E,경북 경주시 남남서쪽 8km 지역
892,2016.9.13 5:15,2,,35.77 N,129.18 E,경북 경주시 남남서쪽 9km 지역
891,2016.9.13 4:56,2,,35.77 N,129.19 E,경북 경주시 남남서쪽 8km 지역
890,2016.9.13 4:41,2.1,,35.76 N,129.17 E,경북 경주시 남남서쪽 10km 지역
889,2016.9.13 4:13,2.1,,35.78 N,129.19 E,경북 경주시 남남서쪽 7km 지역
888,2016.9.13 3:11,2.1,,35.75 N,129.17 E,경북 경주시 남남서쪽 11km 지역
887,2016.9.13 2:09,2,,35.75 N,129.18 E,경북 경주시 남남서쪽 10km 지역
886,2016.9.13 2:03,2.2,,35.78 N,129.19 E,경북 경주시 남남서쪽 7km 지역
885,2016.9.13 2:03,2.1,,35.76 N,129.17 E,경북 경주시 남남서쪽 10km 지역
884,2016.9.13 1:58,2.5,,35.77 N,129.18 E,경북 경주시 남남서쪽 8km 지역
883,2016.9.13 1:37,2.2,,35.77 N,129.18 E,경북 경주시 남남서쪽 8km 지역
882,2016.9.13 1:35,2.3,,35.75 N,129.17 E,경북 경주시 남남서쪽 11km 지역
881,2016.9.13 1:31,2,,35.77 N,129.18 E,경북 경주시 남남서쪽 8km 지역
880,2016.9.13 1:23,2.2,,35.75 N,129.19 E,경북 경주시 남남서쪽 10km 지역
879,2016.9.13 1:03,2,,35.77 N,129.17 E,경북 경주시 남남서쪽 9km 지역
878,2016.9.13 0:45,2.2,,35.76 N,129.18 E,경북 경주시 남남서쪽 9km 지역
877,2016.9.13 0:37,3.1,,35.78 N,129.21 E,경북 경주시 남쪽 6km 지역
876,2016.9.13 0:32,2.1,,35.76 N,129.19 E,경북 경주시 남남서쪽 9km 지역
875,2016.9.13 0:21,2.5,,35.76 N,129.19 E,경북 경주시 남남서쪽 9km 지역
874,2016.9.13 0:15,2,,35.76 N,129.18 E,경북 경주시 남남서쪽 9km 지역
873,2016.9.13 0:10,2,,35.76 N,129.18 E,경북 경주시 남남서쪽 9km 지역
872,2016.9.13 0:07,2.2,,35.76 N,129.19 E,경북 경주시 남남서쪽 9km 지역
871,2016.9.12 23:53,2.2,,35.77 N,129.19 E,경북 경주시 남남서쪽 8km 지역
870,2016.9.12 23:52,3.1,,35.75 N,129.18 E,경북 경주시 남남서쪽 10km 지역
869,2016.9.12 23:18,3,,35.76 N,129.17 E,경북 경주시 남남서쪽 8km 지역
868,2016.9.12 22:47,2.1,,35.77 N,129.19 E,경북 경주시 남남서쪽 8km 지역
867,2016.9.12 22:23,2.4,,35.77 N,129.18 E,경북 경주시 남남서쪽 8km 지역
866,2016.9.12 22:22,2.2,,35.76 N,129.18 E,경북 경주시 남남서쪽 9km 지역
865,2016.9.12 22:18,2,,35.77 N,129.18 E,경북 경주시 남남서쪽 8km 지역
864,2016.9.12 22:17,2.5,,35.76 N,129.18 E,경북 경주시 남남서쪽 9km 지역
863,2016.9.12 22:13,2.4,,35.76 N,129.19 E,경북 경주시 남남서쪽 9km 지역
862,2016.9.12 22:08,2,,35.76 N,129.18 E,경북 경주시 남남서쪽 9km 지역
861,2016.9.12 22:06,2.1,,35.77 N,129.19 E,경북 경주시 남남서쪽 8km 지역
860,2016.9.12 21:54,2.1,,35.77 N,129.19 E,경북 경주시 남남서쪽 8km 지역
859,2016.9.12 21:54,2.2,,35.76 N,129.16 E,경북 경주시 남남서쪽 10km 지역
858,2016.9.12 21:38,2.6,,35.76 N,129.19 E,경북 경주시 남남서쪽 9km 지역
857,2016.9.12 21:33,2.3,,35.76 N,129.02 E,경북 경주시 서남서쪽 20km 지역
856,2016.9.12 21:20,2.8,,35.78 N,129.18 E,경북 경주시 남남서쪽 7km 지역
855,2016.9.12 21:16,2.1,,35.76 N,129.18 E,경북 경주시 남남서쪽 9km 지역
854,2016.9.12 21:09,2.2,,35.77 N,129.19 E,경북 경주시 남남서쪽 8km 지역
853,2016.9.12 21:07,2,,35.77 N,129.19 E,경북 경주시 남남서쪽 8km 지역
852,2016.9.12 21:00,2.5,,35.77 N,129.18 E,경북 경주시 남남서쪽 8km 지역
851,2016.9.12 20:58,2.1,,35.77 N,129.17 E,경북 경주시 남남서쪽 9km 지역
850,2016.9.12 20:55,2,,35.76 N,129.18 E,경북 경주시 남남서쪽 9km 지역
849,2016.9.12 20:51,2.6,,35.75 N,129.16 E,경북 경주시 남남서쪽 11km 지역
848,2016.9.12 20:47,2.9,,35.76 N,129.19 E,경북 경주시 남남서쪽 9km 지역
847,2016.9.12 20:47,2.2,,35.81 N,129.23 E,경북 경주시 남남동쪽 3km 지역
846,2016.9.12 20:46,2.4,,35.76 N,129.17 E,경북 경주시 남남서쪽 10km 지역
845,2016.9.12 20:45,2.7,,35.78 N,129.20 E,경북 경주시 남남서쪽 7km 지역
844,2016.9.12 20:45,2.3,,35.76 N,129.17 E,경북 경주시 남남서쪽 10km 지역
843,2016.9.12 20:44,2.5,,35.76 N,129.18 E,경북 경주시 남남서쪽 9km 지역
842,2016.9.12 20:43,2.4,,35.76 N,129.19 E,경북 경주시 남남서쪽 9km 지역
841,2016.9.12 20:42,2.5,,35.79 N,129.20 E,경북 경주시 남남서쪽 5km 지역
840,2016.9.12 20:40,3,,35.76 N,129.18 E,경북 경주시 남남서쪽 9km 지역
839,2016.9.12 20:39,3,,35.77 N,129.19 E,경북 경주시 남남서쪽 8km 지역
838,2016.9.12 20:38,3,,35.78 N,129.20 E,경북 경주시 남남서쪽 7km 지역
837,2016.9.12 20:36,3.4,,35.75 N,129.18 E,경북 경주시 남남서쪽 10km 지역
836,2016.9.12 20:34,3.6,,35.78 N,129.19 E,경북 경주시 남남서쪽 7km 지역
835,2016.9.12 20:32,5.8,,35.76 N,129.19 E,경북 경주시 남남서쪽 8.7km 지역
834,2016.9.12 20:26,2.5,,35.77 N,129.20 E,경북 경주시 남쪽 8km 지역
833,2016.9.12 20:17,2.3,,35.76 N,129.19 E,경북 경주시 남남서쪽 9km 지역
832,2016.9.12 20:10,3.1,,35.77 N,129.18 E,경북 경주시 남남서쪽 8km 지역
831,2016.9.12 20:09,2.7,,35.76 N,129.17 E,경북 경주시 남남서쪽 10km 지역
830,2016.9.12 20:08,2.7,,35.76 N,129.18 E,경북 경주시 남남서쪽 9km 지역
829,2016.9.12 20:07,2.6,,35.76 N,129.19 E,경북 경주시 남남서쪽 9km 지역
828,2016.9.12 20:04,2.5,,35.77 N,129.18 E,경북 경주시 남남서쪽 8km 지역
827,2016.9.12 20:00,2.4,,35.78 N,129.16 E,경북 경주시 남서쪽 8km 지역
826,2016.9.12 19:55,2.4,,35.76 N,129.18 E,경북 경주시 남남서쪽 9km 지역
825,2016.9.12 19:53,2.1,,35.77 N,129.19 E,경북 경주시 남남서쪽 8km 지역
824,2016.9.12 19:50,2.2,,35.77 N,129.18 E,경북 경주시 남남서쪽 8km 지역
823,2016.9.12 19:48,3.1,,35.77 N,129.19 E,경북 경주시 남남서쪽 8km 지역
822,2016.9.12 19:46,2.2,,35.76 N,129.19 E,경북 경주시 남남서쪽 9km 지역
821,2016.9.12 19:45,2.4,,35.78 N,129.20 E,경북 경주시 남남서쪽 7km 지역
820,2016.9.12 19:44,5.1,,35.77 N,129.19 E,경북 경주시 남남서쪽 8.2km 지역
819,2016.8.30 0:39,2.6,,35.55 N,128.03 E,경남 합천군 서쪽 13km 지역
818,2016.8.28 23:27,2.1,,35.65 N,127.48 E,전북 장수군 서쪽 4km 지역
817,2016.8.28 21:27,2.4,,38.65 N,127.16 E,북한 강원 평강 북북서쪽 29km 지역
816,2016.8.20 18:54,2.9,,33.48 N,127.31 E,제주 서귀포시 성산 동북동쪽 41km 해역
815,2016.8.20 12:18,3,,38.38 N,128.09 E,강원 양구군 북북동쪽 32km 지역(북한지역)
814,2016.8.18 22:21,2.6,,38.84 N,125.70 E,북한 황해북도 송림 북북동쪽 13km 지역
813,2016.8.18 17:08,2.1,,37.18 N,125.46 E,인천 옹진군 연평도 남남서쪽 58km 해역
812,2016.8.17 11:17,2.9,,38.35 N,128.09 E,강원 양구군 북북동쪽 28km 지역(북한지역)
811,2016.8.16 11:57,2.4,,36.75 N,128.84 E,경북 안동시 북북동쪽 22km 지역
810,2016.7.30 1:51,2.3,,33.06 N,126.33 E,제주 서귀포시 남서쪽 27km 해역
809,2016.7.14 22:31,2.8,,35.12 N,130.24 E,울산 동구 동남동쪽 86km 해역
808,2016.7.13 14:13,2,,36.80 N,128.53 E,경북 영주시 서쪽 9km 지역
807,2016.7.9 13:16,2.6,,38.69 N,125.83 E,북한 황해북도 송림 동남동쪽 18km 지역
806,2016.7.9 4:47,2.3,,35.48 N,129.97 E,울산 동구 동쪽 50km 해역
805,2016.7.5 21:24,2.6,,35.51 N,129.87 E,울산 동구 동쪽 41km 해역
804,2016.7.5 20:33,5,,35.51 N,129.99 E,울산 동구 동쪽 52km 해역
803,2016.6.25 3:24,2.6,,38.74 N,125.86 E,북한 황해북도 송림 동쪽 20km 지역
802,2016.6.21 3:23,3.1,,39.49 N,126.19 E,북한 평안남도 성천 북쪽 28km 지역
801,2016.6.15 2:07,2.6,,35.87 N,129.69 E,경북 포항시 남구 동남동쪽 33km 해역
800,2016.6.13 12:33,2.7,,34.30 N,124.68 E,전남 신안군 흑산면 서남서쪽 82km 해역
799,2016.6.7 16:06,2.3,,33.05 N,126.17 E,제주 제주시 고산 남쪽 27km 해역
798,2016.6.5 10:11,2.2,,36.00 N,129.58 E,경북 포항시 남구 동쪽 20km 해역
797,2016.6.3 4:53,3,,36.39 N,127.92 E,경북 상주시 서쪽 22km 지역
796,2016.5.24 4:52,2.3,,33.61 N,125.56 E,제주 제주시 고산 서북서쪽 66km 해역
795,2016.5.22 1:22,3.5,,40.68 N,127.15 E,북한 함경남도 장진 북북서쪽 34km 지역
794,2016.5.3 3:29,2.4,,37.11 N,129.02 E,강원 태백시 남남동쪽 7km 지역
793,2016.4.30 22:46,2.6,,37.75 N,125.40 E,북한 황해남도 옹진 남쪽 20km 지역
792,2016.4.28 10:16,2.4,,35.42 N,128.56 E,경남 창녕군 남남동쪽 15km 지역
791,2016.4.27 19:27,2.3,,35.57 N,128.34 E,경남 합천군 동쪽 16km 지역
790,2016.4.25 11:42,2.3,,33.51 N,125.91 E,제주 제주시 고산 북서쪽 34km 해역
789,2016.4.21 15:55,2.7,,33.53 N,125.89 E,제주 제주시 고산 북서쪽 36km 해역
788,2016.4.21 15:53,2.7,,33.52 N,125.92 E,제주 제주시 고산 북서쪽 34km 해역
787,2016.4.13 5:28,2.1,,35.92 N,127.93 E,경북 김천시 남남서쪽 28km 지역
786,2016.3.28 14:34,2.9,,35.22 N,127.96 E,경남 진주시 서북서쪽 12km 지역
785,2016.3.27 18:28,3.1,,39.38 N,126.06 E,북한 평안남도 성천 북서쪽 20km 지역
784,2016.3.27 14:52,2.3,,35.33 N,130.04 E,울산 동구 동남동쪽 59km 해역
783,2016.3.15 3:38,2.5,,37.60 N,129.82 E,강원 삼척시 동북동쪽 60km 해역
782,2016.3.15 3:00,2.7,,36.31 N,128.21 E,경북 상주시 남남동쪽 12km 지역
781,2016.3.14 5:17,3.1,,38.71 N,125.87 E,북한 황해북도 송림 동쪽 21km 지역
780,2016.3.5 11:11,3.3,,35.61 N,129.82 E,울산 동구 동북동쪽 38km 해역
779,2016.3.2 14:04,2.7,,36.35 N,127.20 E,충남 공주시 남동쪽 13km 지역
778,2016.2.28 16:52,2.5,,38.73 N,125.85 E,북한 황해북도 송림 동쪽 19km 지역
777,2016.2.26 18:46,2.2,,33.23 N,127.19 E,제주 서귀포시 성산 동남동쪽 34km 해역
776,2016.2.24 23:22,2.9,,33.52 N,125.92 E,제주 제주시 고산 북서쪽 34km 해역
775,2016.2.11 5:57,3.1,,36.21 N,127.48 E,충남 금산군 북쪽 12km 지역
774,2016.1.31 3:03,2,,36.95 N,129.92 E,경북 울진군 동쪽 46km 해역
773,2016.1.25 18:40,2.3,,36.22 N,128.69 E,경북 의성군 남쪽 14km 지역
772,2016.1.23 7:14,2.4,,38.42 N,126.25 E,북한 황해북도 평산 북서쪽 16km 지역
771,2016.1.6 20:39,3,,36.01 N,128.07 E,경북 김천시 남쪽 14km 지역
770,2015.12.22 4:31,3.9,,36.02 N,126.95 E,전북 익산시 북쪽 8km 지역
769,2015.12.11 1:25,2.1,,36.90 N,126.58 E,충남 당진시 서북서쪽 5km 지역
768,2015.11.24 14:10,2.4,,35.69 N,129.75 E,울산 동구 북동쪽 36km 해역
767,2015.11.24 11:27,3.2,,35.67 N,129.82 E,울산 동구 동북동쪽 41km 해역
766,2015.11.13 20:04,2.6,,35.80 N,129.42 E,경북 경주시 동남동쪽 19km 지역
765,2015.10.30 15:17,2.9,,35.74 N,129.37 E,경북 경주시 남동쪽 18km 지역
764,2015.10.26 23:29,2.1,,34.09 N,126.85 E,전남 완도군 남남동쪽 26km 해역
763,2015.10.11 0:55,2.1,,33.30 N,127.02 E,제주 서귀포시 성산 남동쪽 16km 해역
762,2015.10.1 14:06,2.1,,35.78 N,129.14 E,경북 경주시 남서쪽 9km 지역
761,2015.10.1 9:21,2.5,,35.78 N,129.14 E,경북 경주시 남서쪽 9km 지역
760,2015.9.18 10:12,2.1,,34.70 N,128.75 E,경남 통영시 매물도 동북동쪽 17km 해역
759,2015.9.3 4:53,2.7,,33.27 N,127.04 E,제주 서귀포시 성산 남동쪽 20km 해역
758,2015.9.1 13:47,2.5,,39.09 N,126.53 E,북한 평안남도 양덕 남서쪽 16km 지역
757,2015.8.23 9:19,2.5,,36.38 N,129.77 E,경북 영덕군 동쪽 36km 해역
756,2015.8.17 16:56,2.5,,37.20 N,125.38 E,인천 옹진군 연평도 남남서쪽 59km 해역
755,2015.8.12 17:09,2.2,,37.17 N,127.50 E,경기 이천시 남남동쪽 13km 지역
754,2015.8.3 10:11,3.7,,33.26 N,127.06 E,제주 서귀포시 성산 남동쪽 22km 해역
753,2015.8.2 3:22,2.1,,37.19 N,128.44 E,강원 영월군 서북서쪽 2km 지역
752,2015.8.1 23:58,2.2,,35.32 N,127.45 E,전남 구례군 북쪽 13km 지역
751,2015.7.30 9:39,2.2,,35.15 N,127.98 E,경남 사천시 북서쪽 12km 지역
750,2015.7.23 4:02,2.6,,33.22 N,127.05 E,제주 서귀포시 성산 남동쪽 24km 해역
749,2015.7.20 1:33,2.2,,33.26 N,127.21 E,제주 서귀포시 성산 동남동쪽 34km 해역
748,2015.7.18 21:15,2.3,,36.07 N,128.08 E,경북 김천시 남남서쪽 7km 지역
747,2015.7.14 14:34,2.8,,33.24 N,127.01 E,제주 서귀포시 성산 남동쪽 20km 해역
746,2015.7.8 11:01,2,,37.63 N,125.86 E,인천 옹진군 연평도 동남동쪽 14km 해역
745,2015.7.4 8:49,2.1,,36.32 N,128.18 E,경북 상주시 남쪽 10km 지역
744,2015.6.22 12:44,2.4,,36.35 N,127.24 E,충남 공주시 남동쪽 15km 지역
743,2015.6.22 12:02,2.6,,35.85 N,125.00 E,충남 태안군 서격렬비도 남남서쪽 96km 해역
742,2015.6.17 0:55,2.3,,38.41 N,125.57 E,북한 황해남도 안악 남남동쪽 13km 지역
741,2015.6.7 20:54,2.1,,33.79 N,126.16 E,제주 제주시 북서쪽 48km 해역
740,2015.6.2 1:01,2,,36.76 N,129.98 E,경북 울진군 동남동쪽 57km 해역
739,2015.4.24 10:14,2.3,,35.88 N,129.69 E,경북 포항시 남구 동남동쪽 33km 해역
738,2015.4.21 2:05,2.1,,35.88 N,129.75 E,경북 포항시 남구 동남동쪽 38km 해역
737,2015.4.15 4:10,2.9,,35.14 N,129.93 E,울산 동구 남동쪽 61km 해역
736,2015.4.13 18:02,3.3,,37.18 N,125.47 E,인천 옹진군 연평도 남남서쪽 58km 해역
735,2015.3.19 16:20,2.7,,36.43 N,127.65 E,충북 옥천군 북북동쪽 16km 지역
734,2015.3.19 12:54,2.2,,34.16 N,128.37 E,경남 통영시 욕지도 남남동쪽 54km 해역
733,2015.3.10 13:10,2.7,,37.36 N,125.15 E,인천 옹진군 연평도 남서쪽 59km 해역
732,2015.2.23 4:54,2.7,,32.96 N,126.25 E,제주 제주시 고산 남남동쪽 38km 해역
731,2015.2.19 14:25,2.1,,36.09 N,125.05 E,충남 태안군 서격렬비도 남서쪽 71km 해역
730,2015.2.3 19:54,2.1,,33.61 N,127.57 E,전남 여수시 거문도 남남동쪽 52km 해역
729,2015.1.31 5:10,2.2,,36.60 N,129.45 E,경북 영덕군 북북동쪽 22km 해역
728,2015.1.8 20:15,3.5,,37.51 N,125.63 E,인천 옹진군 연평도 남남서쪽 18km 해역
727,2015.1.6 13:06,2.8,,38.43 N,126.28 E,북한 황해북도 평산 북서쪽 17km 지역
726,2014.12.30 15:36,2.6,,35.21 N,124.79 E,전남 신안군 흑산면 북서쪽 88km 해역
725,2014.12.24 20:33,2.1,,35.89 N,127.33 E,전북 완주군 동쪽 15km 지역
724,2014.12.15 9:08,2.1,,39.09 N,126.52 E,북한 평안남도 양덕 남서쪽 16km 지역
723,2014.12.8 5:28,3.3,,34.75 N,127.17 E,전남 보성군 동남동쪽 8km 지역
722,2014.11.15 3:31,2.5,,38.77 N,126.36 E,북한 황해북도 신계 북북서쪽 34km 지역
721,2014.11.6 14:48,2.3,,33.34 N,125.89 E,제주 제주시 고산 서북서쪽 26km 해역
720,2014.11.6 4:25,2.5,,37.23 N,126.44 E,인천 옹진군 남남서쪽 30km 해역
719,2014.10.28 19:07,2.2,,38.00 N,125.34 E,북한 황해남도 옹진 북북동쪽 8km 지역
718,2014.10.21 6:33,2.3,,35.21 N,129.49 E,부산 기장군 동쪽 24km 해역
717,2014.10.20 21:15,2.2,,33.68 N,125.88 E,제주 제주시 고산 북북서쪽 50km 해역
716,2014.10.19 19:57,2.6,,36.44 N,128.19 E,경북 상주시 북동쪽 4km 지역
715,2014.10.11 22:11,2.3,,37.73 N,129.43 E,강원 동해시 북동쪽 36km 해역
714,2014.10.7 1:57,2.9,,33.30 N,125.96 E,제주 제주시 고산 서쪽 19km 해역
713,2014.10.1 16:34,2.2,,36.67 N,125.45 E,충남 태안군 서격렬비도 북서쪽 11km 해역
712,2014.9.28 21:32,3.2,,37.24 N,126.44 E,인천 옹진군 남서쪽 30km 지역
711,2014.9.25 2:26,3.8,,35.07 N,129.94 E,울산 동구 남동쪽 67km 해역
710,2014.9.23 15:27,3.5,,35.80 N,129.41 E,경북 경주시 동남동쪽 18km 지역
709,2014.9.9 0:24,2.2,,35.68 N,129.38 E,경북 경주시 남동쪽 23km 지역
708,2014.8.21 22:30,2.7,,33.87 N,127.83 E,전남 여수시 거문도 동남동쪽 51km 해역
707,2014.8.18 5:13,2.1,,36.57 N,125.64 E,충남 태안군 서격렬비도 동남동쪽 10km 해역
706,2014.8.16 0:51,2.1,,33.59 N,126.58 E,제주 제주시 북북동쪽 11km 해역
705,2014.8.10 18:07,2.4,,38.15 N,126.63 E,북한 개성 북북동쪽 21km 지역
704,2014.8.5 6:16,2.5,,40.11 N,127.20 E,북한 함경남도 신흥 서북서쪽 20km 지역
703,2014.8.2 1:32,2.2,,37.40 N,127.20 E,경기 광주시 서남서쪽 5km 지역
702,2014.7.4 6:27,2.2,,34.51 N,125.41 E,전남 신안군 흑산면 남남서쪽 17km 해역
701,2014.7.4 4:13,2.9,,35.66 N,129.78 E,울산 동구 동북동쪽 37km 해역
700,2014.7.4 0:11,2.5,,35.65 N,129.81 E,울산 동구 동북동쪽 39km 해역
699,2014.7.3 22:04,2.6,,35.66 N,129.82 E,울산 동구 동북동쪽 40km 해역
698,2014.7.3 21:57,3.5,,35.66 N,129.76 E,울산 동구 동북동쪽 35km 해역
697,2014.6.21 8:29,2.6,,38.77 N,125.89 E,북한 황해북도 송림 동쪽 22km 지역
696,2014.6.18 9:59,2.1,,35.91 N,128.66 E,대구 동구 북쪽 4km 지역
695,2014.6.8 4:05,2.6,,33.52 N,125.96 E,제주 제주시 고산 북서쪽 31km 해역
694,2014.6.5 13:29,2.3,,35.97 N,128.62 E,대구 동구 북쪽 10km 지역
693,2014.5.15 8:46,3.4,,33.00 N,126.21 E,제주 제주시 고산 남쪽 33km 해역
692,2014.4.26 14:08,2.7,,36.46 N,127.93 E,경북 상주시 서북서쪽 21km 지역
691,2014.4.25 12:14,2.9,,35.97 N,128.04 E,경북 김천시 남남서쪽 19km 지역
690,2014.4.13 14:02,2.9,,36.93 N,124.52 E,충남 태안군 서격렬비도 서북서쪽 97km 해역
689,2014.4.12 1:44,2.6,,33.52 N,126.90 E,제주 제주시 동쪽 34km 지역
688,2014.4.8 6:19,2.7,,36.96 N,124.44 E,충남 태안군 서격렬비도 서북서쪽 105km 해역
687,2014.4.1 9:25,2.3,,36.95 N,124.50 E,충남 태안군 서격렬비도 서북서쪽 100km 해역
686,2014.4.1 4:48,5.1,,36.95 N,124.50 E,충남 태안군 서격렬비도 서북서쪽 100km 해역
685,2014.3.28 10:40,3,,36.47 N,127.93 E,경북 상주시 서북서쪽 22km 지역
684,2014.3.14 12:59,2.5,,39.41 N,126.09 E,북한 평안남도 성천 북북서쪽 21km 지역
683,2014.3.11 11:39,2.7,,35.86 N,128.47 E,대구 달성군 서북서쪽 9km 지역
682,2014.2.28 3:20,2.4,,38.74 N,125.01 E,북한 남포 서쪽 22km 해역
681,2014.2.22 20:44,2.6,,38.31 N,124.27 E,북한 황해남도 용연군 장산곶 서북서쪽 42km 해역
680,2014.2.21 21:17,2.7,,35.05 N,127.75 E,전남 광양시 북북동쪽 13km 지역
679,2014.2.5 23:06,2.8,,38.26 N,124.40 E,북한 황해남도 용연군 장산곶 서북서쪽 29km 해역
678,2014.1.29 6:08,2.2,,36.23 N,128.80 E,경북 의성군 남동쪽 16km 지역
677,2013.12.19 12:38,2.9,,38.11 N,127.11 E,경기 연천군 동북동쪽 3km 지역
676,2013.12.13 11:40,2.5,,36.10 N,129.04 E,경북 영천시 북북동쪽 17km 지역
675,2013.12.8 16:38,2.8,,33.44 N,125.09 E,제주 제주시 고산 서쪽 101km 해역
674,2013.12.4 6:28,2.4,,38.71 N,125.69 E,북한 황해북도 송림 동남동쪽 6km 지역
673,2013.12.3 21:00,2.5,,35.64 N,128.72 E,경북 청도군 서남서쪽 2km 지역
672,2013.12.2 20:02,2.8,,38.56 N,126.10 E,북한 황해북도 사리원 동북동쪽 30km 지역
671,2013.11.26 2:26,2.1,,37.12 N,128.11 E,충북 제천시 서남서쪽 10km 지역
670,2013.11.22 23:29,2.1,,36.99 N,126.40 E,충남 서산시 북북서쪽 24km 지역
669,2013.11.20 21:07,2.1,,38.47 N,126.17 E,북한 황해북도 평산 북서쪽 25km 지역
668,2013.11.16 22:32,2.1,,38.51 N,125.66 E,북한 황해북도 사리원 서쪽 9km 지역
667,2013.11.10 16:28,2,,37.66 N,124.67 E,인천 백령도 남쪽 33km 해역
666,2013.11.8 21:02,3,,36.24 N,126.36 E,충남 보령시 서남서쪽 25km 해역
665,2013.11.8 19:14,2.6,,36.23 N,126.36 E,충남 보령시 서남서쪽 25km 해역
664,2013.10.26 6:47,2.7,,37.96 N,124.61 E,인천 백령도 서쪽 6km 해역
663,2013.10.19 0:16,2,,35.96 N,128.06 E,경북 김천시 남쪽 20km 지역
662,2013.10.11 16:06,3.6,,36.46 N,129.61 E,경북 영덕군 동북동쪽 22km 해역
661,2013.10.10 13:08,2.6,,35.36 N,128.23 E,경남 의령군 북서쪽 5km 지역
660,2013.9.15 13:16,2.3,,36.55 N,129.23 E,경북 영양군 남동쪽 16km 지역
659,2013.9.14 17:33,2.2,,36.20 N,126.16 E,충남 보령시 서남서쪽 43km 해역
658,2013.9.11 13:00,4,,33.56 N,125.39 E,전남 신안군 가거도 남남동쪽 60km 해역
657,2013.8.29 8:35,2.5,,38.19 N,129.30 E,강원 강릉시 북동쪽 60km 해역
656,2013.8.13 0:36,3,,36.91 N,129.44 E,경북 울진군 남남동쪽 10km 해역
655,2013.8.13 0:01,2.1,,36.92 N,129.44 E,경북 울진군 남남동쪽 8km 해역
654,2013.8.12 4:39,2.3,,35.66 N,129.77 E,울산 동구 동북동쪽 36km 해역
653,2013.8.12 4:33,3.1,,35.66 N,129.75 E,울산 동구 동북동쪽 35km 해역
652,2013.8.11 4:19,2.3,,38.48 N,126.13 E,북한 황해북도 평산 북서쪽 28km 지역
651,2013.8.10 12:43,2.6,,35.90 N,129.75 E,경북 포항시 남구 동남동쪽 37km 해역
650,2013.8.7 21:08,2,,36.19 N,126.08 E,충남 보령시 서남서쪽 51km 해역
649,2013.8.4 19:58,2.3,,36.20 N,126.16 E,충남 보령시 서남서쪽 43km 해역
648,2013.8.1 17:22,3.1,,36.19 N,126.17 E,충남 보령시 서남서쪽 43km 해역
647,2013.8.1 0:57,2.8,,36.23 N,126.22 E,충남 보령시 서남서쪽 37km 해역
646,2013.7.31 22:30,3.2,,36.21 N,126.18 E,충남 보령시 서남서쪽 41km 해역
645,2013.7.31 20:27,2.2,,36.20 N,126.17 E,충남 보령시 서남서쪽 43km 해역
644,2013.7.31 20:05,2.2,,36.21 N,126.17 E,충남 보령시 서남서쪽 42km 해역
643,2013.7.30 14:57,2.7,,36.21 N,126.14 E,충남 보령시 서남서쪽 45km 해역
642,2013.7.29 10:29,2.7,,36.20 N,126.13 E,충남 보령시 서남서쪽 46km 해역
641,2013.7.28 9:10,2.8,,36.20 N,126.14 E,충남 보령시 서남서쪽 45km 해역
640,2013.7.26 11:23,2.2,,36.19 N,126.14 E,충남 보령시 서남서쪽 45km 해역
639,2013.7.23 16:03,2.7,,36.19 N,126.16 E,충남 보령시 서남서쪽 44km 해역
638,2013.7.15 19:44,2.5,,36.20 N,126.15 E,충남 보령시 서남서쪽 44km 해역
637,2013.7.15 1:39,2.4,,33.03 N,125.68 E,제주 제주시 고산 서남서쪽 68km 해역
636,2013.7.13 2:02,3.5,,36.20 N,126.18 E,충남 보령시 서남서쪽 42km 해역
635,2013.7.1 11:24,3,,38.78 N,126.36 E,북한 황해북도 신계 북북서쪽 35km 지역
634,2013.6.29 13:32,2.3,,36.20 N,126.17 E,충남 보령시 서남서쪽 43km 해역
633,2013.6.27 19:33,2.5,,36.20 N,126.14 E,충남 보령시 서남서쪽 45km 해역
632,2013.6.24 18:26,2.1,,38.04 N,129.75 E,강원 동해시 북동쪽 80km 해역
631,2013.6.24 5:28,2.3,,36.20 N,126.17 E,충남 보령시 서남서쪽 43km 해역
630,2013.6.22 11:18,2.3,,36.20 N,126.17 E,충남 보령시 서남서쪽 43km 해역
629,2013.6.22 10:37,2.8,,36.19 N,126.16 E,충남 보령시 서남서쪽 44km 해역
628,2013.6.22 3:51,2.5,,36.20 N,126.17 E,충남 보령시 서남서쪽 43km 해역
627,2013.6.21 21:55,2.4,,36.20 N,126.19 E,충남 보령시 서남서쪽 41km 해역
626,2013.6.21 16:29,2.2,,36.19 N,126.14 E,충남 보령시 서남서쪽 45km 해역
625,2013.6.20 12:35,2.4,,39.23 N,125.95 E,북한 평안남도 평성 동쪽 8km 지역
624,2013.6.19 16:02,2.6,,36.19 N,126.16 E,충남 보령시 서남서쪽 44km 해역
623,2013.6.19 1:52,2.3,,36.20 N,126.16 E,충남 보령시 서남서쪽 43km 해역
622,2013.6.18 2:31,2.3,,36.21 N,126.18 E,충남 보령시 서남서쪽 41km 해역
621,2013.6.17 20:31,2.4,,36.20 N,126.17 E,충남 보령시 서남서쪽 43km 해역
620,2013.6.16 22:12,2.5,,36.20 N,126.16 E,충남 보령시 서남서쪽 43km 해역
619,2013.6.16 19:47,2.1,,36.19 N,126.15 E,충남 보령시 서남서쪽 45km 해역
618,2013.6.10 14:01,2.1,,37.71 N,124.70 E,인천 백령도 남쪽 27km 해역
617,2013.6.8 5:56,3.2,,35.14 N,126.96 E,광주 동구 동쪽 3km 지역
616,2013.6.5 12:34,2.6,,36.23 N,126.18 E,충남 보령시 서남서쪽 41km 해역
615,2013.5.22 23:25,2.1,,38.75 N,128.81 E,강원 고성군 북동쪽 51km 해역
614,2013.5.21 16:17,3.7,,37.66 N,124.71 E,인천 백령도 남쪽 33km 해역
613,2013.5.19 5:27,2.3,,37.73 N,124.74 E,인천 백령도 남남동쪽 25km 해역
612,2013.5.18 16:18,2.1,,37.69 N,124.61 E,인천 백령도 남남서쪽 30km해역
611,2013.5.18 14:09,2.6,,37.71 N,124.68 E,인천 백령도 남쪽 27km 해역
610,2013.5.18 11:45,3.9,,37.67 N,124.61 E,인천 백령도 남쪽 32km 해역
609,2013.5.18 9:32,2.5,,37.64 N,124.57 E,인천 백령도 남남서쪽 36km 해역
608,2013.5.18 9:13,2.4,,37.67 N,124.62 E,인천 백령도 남쪽 32km 해역
607,2013.5.18 7:54,2.5,,37.69 N,124.65 E,인천 백령도 남쪽 29km 해역
606,2013.5.18 7:26,3.3,,37.67 N,124.66 E,인천 백령도 남쪽 31km 해역
605,2013.5.18 7:24,2.2,,37.69 N,124.65 E,인천 백령도 남쪽 29km 해역
604,2013.5.18 7:02,4.9,,37.68 N,124.63 E,인천 백령도 남쪽 31km 해역
603,2013.5.18 3:00,3.5,,37.68 N,124.60 E,인천 백령도 남남동쪽 31km 해역
602,2013.5.15 8:48,2.8,,37.69 N,124.74 E,인천 백령도 남쪽 30km 해역
601,2013.5.15 8:34,2.7,,37.71 N,124.68 E,인천 백령도 남쪽 27km 해역
600,2013.5.14 20:17,2.8,,37.70 N,124.79 E,인천 백령도 남남동쪽 30km 해역
599,2013.4.30 10:58,2,,36.46 N,129.63 E,경북 영덕군 동북동쪽 24km 해역
598,2013.4.30 5:26,2.5,,36.47 N,129.61 E,경북 영덕군 동북동쪽 23km 해역
597,2013.4.28 3:39,2.7,,33.65 N,127.29 E,전남 여수시 거문도 남쪽 42km 해역
596,2013.4.21 18:21,2.7,,35.14 N,124.49 E,전남 신안군 흑산면 서북서쪽 105km 해역
595,2013.4.21 8:21,4.9,,35.16 N,124.56 E,전남 신안군 흑산면 북서쪽 101km 해역
594,2013.4.19 23:46,2.2,,36.55 N,129.60 E,경북 영덕군 북동쪽 26km 해역
593,2013.4.17 21:33,2.3,,36.56 N,129.61 E,경북 영덕군 북동쪽 27km 해역
592,2013.4.14 16:16,2.3,,38.20 N,129.29 E,강원 양양군 동북동쪽 60km 해역
591,2013.4.10 13:07,2.2,,36.50 N,127.44 E,충북 청원군 남남서쪽 16km 지역
590,2013.2.7 22:07,2.2,,35.76 N,129.13 E,경북 경주시 남서쪽 12km 지역
589,2013.2.5 21:25,3.5,,35.77 N,127.97 E,경남 거창군 북북동쪽 11km 지역
588,2013.2.4 5:39,3.1,,36.55 N,128.90 E,경북 안동시 동쪽 15km 지역
587,2013.1.26 8:57,2.4,,36.11 N,127.73 E,충북 영동군 남서쪽 9km 지역
586,2013.1.15 13:31,2.8,,36.59 N,129.73 E,경북 영덕군 동북동쪽 38km 해역
585,2013.1.2 5:53,2.5,,33.37 N,127.27 E,제주 서귀포시 성산 동쪽 36km 해역
584,2012.12.19 15:05,2.2,,35.72 N,127.22 E,전북 완주군 남남동쪽 21km 지역
583,2012.11.22 3:04,3,,35.22 N,127.97 E,경남 진주시 서북서쪽 11km 지역
582,2012.10.17 14:37,2.5,,37.54 N,124.84 E,인천 백령도 남남동쪽 48km 해역
581,2012.10.1 6:51,2.4,,36.73 N,128.40 E,경북 예천군 북북서쪽 10km 지역
580,2012.9.28 19:36,2.1,,36.41 N,128.73 E,경북 의성군 북북동쪽 7km 지역
579,2012.9.27 22:24,2.7,,35.40 N,126.08 E,전북 부안군 위도 남서쪽 30km 해역
578,2012.9.24 9:59,2.5,,38.73 N,125.48 E,북한 남포 남동쪽 4km 지역
577,2012.9.20 2:43,2.4,,35.61 N,129.82 E,울산 동구 동북동쪽 38km 해역
576,2012.9.19 14:52,2.2,,34.66 N,128.75 E,경남 통영시 매물도 동쪽 16km 해역
575,2012.9.19 14:49,2.1,,34.71 N,128.72 E,경남 통영시 매물도 동북동쪽 15km 해역
574,2012.9.18 5:39,2.7,,33.53 N,125.81 E,제주 제주시 고산 북서쪽 42km 해역
573,2012.9.10 22:06,2.1,,35.82 N,129.41 E,경북 경주시 동쪽 18km 지역
572,2012.9.7 2:34,3.1,,36.40 N,127.25 E,충남 공주시 동남동쪽 12km 지역
571,2012.8.18 18:06,2.2,,36.20 N,125.26 E,충남 태안군 서격렬비도 남남서쪽 51km 해역
570,2012.8.13 0:54,2.2,,36.84 N,128.68 E,경북 영주시 북동쪽 6km 지역
569,2012.8.10 21:25,2.6,,35.82 N,128.39 E,경북 고령군 북동쪽 16km 지역
568,2012.7.29 3:22,2.7,,32.85 N,126.02 E,제주 제주시 고산 남남서쪽 51km 해역
567,2012.7.26 19:24,3.4,,37.98 N,125.45 E,북한 황해남도 옹진 북동쪽 10km 지역
566,2012.7.22 12:04,2.3,,34.69 N,126.60 E,전남 영암군 남서쪽 15km 지역
565,2012.7.14 2:38,2.6,,33.78 N,124.97 E,전남 신안군 가거도 남남서쪽 34km 해역
564,2012.7.11 19:33,2.1,,36.87 N,125.28 E,충남 태안군 서격렬비도 북서쪽 38km 해역
563,2012.7.11 19:27,2.5,,36.90 N,125.27 E,충남 태안군 서격렬비도 북서쪽 41km 해역
562,2012.7.9 8:59,2.4,,35.32 N,128.71 E,경남 창원시 북북동쪽 11km지역
561,2012.7.8 9:43,2.5,,35.72 N,129.35 E,경북 경주시 남동쪽 18km 지역
560,2012.7.3 9:42,2.2,,37.19 N,129.08 E,강원 삼척시 남남서쪽 30km 지역
559,2012.6.24 1:20,2.1,,37.53 N,124.56 E,인천 백령도 남남서쪽 48km 해역
558,2012.6.23 16:42,2.6,,36.70 N,128.31 E,경북 문경시 북동쪽 17km 지역
557,2012.6.19 20:55,3.1,,33.48 N,125.93 E,제주 제주시 고산 북서쪽 30km 해역
556,2012.6.14 6:15,2.1,,39.72 N,126.92 E,북한 함경남도 요덕 북동쪽 10km지역
555,2012.6.12 17:52,2.2,,35.87 N,128.67 E,대구 수성구 동북동쪽 4km 지역
554,2012.6.12 13:34,2.4,,37.33 N,125.27 E,인천 옹진군 연평도 남서쪽 53km 해역
553,2012.6.12 9:01,2.1,,38.77 N,125.72 E,북한 황해북도 송림 동북동쪽 8km 지역
552,2012.6.12 3:42,2.1,,36.32 N,127.51 E,충북 옥천군 서북서쪽 6km 지역
551,2012.6.5 8:18,2.1,,38.43 N,126.16 E,북한 황해북도 평산 서북서쪽 23km 지역
550,2012.6.1 12:05,2.6,,37.12 N,125.96 E,인천 옹진군 덕적도 서남서쪽 20km 해역
549,2012.6.1 8:09,2.3,,35.92 N,127.61 E,전북 무주군 남남서쪽 10km 지역
548,2012.5.30 2:48,3.4,,36.57 N,129.57 E,경북 영덕군 북동쪽 25km 해역
547,2012.5.16 17:50,2.7,,36.23 N,128.49 E,경북 군위군 서쪽 8km 지역
546,2012.5.15 11:05,2.9,,35.92 N,129.62 E,경북 포항시 남구 동남동쪽 25km 해역
545,2012.5.11 12:46,3.9,,36.02 N,127.71 E,전북 무주군 동북동쪽 5km 지역
544,2012.5.2 5:04,2.1,,35.77 N,126.81 E,전북 김제시 서남서쪽 7km 지역
543,2012.5.2 1:33,3.4,,33.69 N,126.04 E,제주 제주시 고산 북북서쪽 46km 해역
542,2012.4.20 21:11,3.1,,33.43 N,127.26 E,제주 서귀포시 성산 동쪽 36km 해역
541,2012.4.17 13:31,2.6,,35.72 N,126.51 E,전북 부안군 서쪽 20km 해역
540,2012.3.30 14:51,2.3,,36.49 N,127.91 E,경북 상주시 서북서쪽 24km 지역
539,2012.3.29 0:26,2.2,,35.34 N,125.95 E,전북 부안군 위도 남서쪽 43km 해역
538,2012.3.18 9:21,2.5,,36.90 N,130.24 E,경북 울진군 동쪽 75km 해역
537,2012.2.27 0:26,2.5,,35.15 N,129.85 E,울산 동구 남동쪽 55km 해역
536,2012.2.24 9:05,3.2,,35.20 N,129.93 E,울산 동구 남동쪽 57km 해역
535,2012.2.24 0:54,2.4,,35.13 N,129.85 E,울산 동구 남동쪽 57km 해역
534,2012.2.21 22:30,2.5,,35.13 N,129.80 E,부산 기장군 동남동쪽 54km 해역
533,2012.2.19 20:21,2.7,,35.13 N,129.89 E,울산 동구 남동쪽 59km 해역
532,2012.1.24 2:41,2.2,,37.12 N,125.96 E,인천 옹진군 덕적도 서남서쪽 20km 해역
531,2012.1.19 15:43,2.7,,38.51 N,126.23 E,북한 황해북도 평산 북서쪽 24km 지역
530,2012.1.16 3:03,2.2,,36.79 N,128.75 E,경북 안동시 북쪽 25km 지역
529,2012.1.1 19:40,2,,39.02 N,125.82 E,북한 평양 동쪽 6km 지역
528,2011.12.27 21:57,3.3,,36.86 N,129.94 E,경북 울진군 동남동쪽 50km 해역
527,2011.12.25 0:01,2.3,,37.12 N,128.99 E,강원 태백시 남쪽 5km 지역
526,2011.12.14 15:39,2,,37.97 N,125.82 E,북한 황해남도 해주 남동쪽 12km 지역
525,2011.11.30 0:37,2.5,,35.98 N,126.53 E,전북 군산시 서쪽 17km 해역
524,2011.11.26 4:03,2.2,,34.23 N,127.67 E,전남 여수시 거문도 북동쪽 40km 해역
523,2011.11.2 7:20,3,,35.54 N,130.65 E,울산 동구 동쪽 111km 해역
522,2011.10.7 19:04,2.7,,33.34 N,127.19 E,제주 서귀포시 성산 동쪽 29km 해역
521,2011.9.28 13:20,2.6,,38.48 N,126.26 E,북한 황해북도 평산 북서쪽 20km 지역
520,2011.9.26 22:12,3.3,,34.58 N,128.12 E,경남 남해군 남동쪽 36km 해역
519,2011.9.25 12:59,2.6,,35.58 N,125.90 E,전북 부안군 위도 서쪽 36km 해역
518,2011.9.21 23:59,2.6,,35.91 N,125.21 E,전북 군산시 어청도 서남서쪽 72km 해역
517,2011.9.8 1:56,3.2,,38.82 N,126.00 E,북한 황해북도 사리원 북동쪽 19km 지역
516,2011.8.31 19:39,2.6,,35.70 N,129.75 E,울산 동구 북동쪽 37km 해역
515,2011.8.20 13:22,2.2,,38.46 N,127.83 E,북한 강원 회양 남동쪽 34km 지역
514,2011.8.20 6:57,3,,37.50 N,124.46 E,인천 백령도 남남서쪽 54km 해역
513,2011.8.15 6:10,3.2,,38.47 N,125.63 E,북한 황해북도 사리원 서남서쪽 12km 지역
512,2011.8.9 12:11,2.5,,35.66 N,129.76 E,울산 동구 동북동쪽 35km 해역
511,2011.7.28 11:28,2.2,,35.90 N,129.70 E,경북 포항시 남구 동남동쪽 35km 해역
510,2011.7.27 14:38,2.8,,36.55 N,129.56 E,경북 영덕군 북동쪽 23km 해역
509,2011.7.19 14:54,2.4,,37.89 N,124.67 E,인천 백령도 남쪽 7km 해역
508,2011.7.13 4:05,2.1,,35.91 N,128.39 E,경북 성주군 동쪽 9km 지역
507,2011.7.5 2:13,2.3,,38.58 N,126.36 E,북한 황해북도 신계 서북서쪽 18km 지역
506,2011.6.27 14:11,2.9,,35.52 N,126.14 E,전북 부안군 위도 서남서쪽 17km 해역
505,2011.6.17 16:57,2.4,,37.90 N,124.81 E,인천 백령도 동남동쪽 13km 해역
504,2011.6.17 16:38,4,,37.89 N,124.81 E,인천 백령도 동남동쪽 13km 해역
503,2011.6.16 8:13,2.8,,33.62 N,127.27 E,제주 서귀포시 성산 북동쪽 44km 해역
502,2011.6.15 14:21,3.7,,33.71 N,127.81 E,전남 여수시 거문도 남동쪽 58km 해역
501,2011.6.9 15:13,2.6,,35.91 N,129.70 E,경북 포항시 남구 동남동쪽 32km 해역
500,2011.6.8 14:21,3,,35.08 N,125.30 E,전남 신안군 흑산면 북북서쪽 50km 해역
499,2011.6.5 22:53,2.5,,36.05 N,127.53 E,충남 금산군 남남동쪽 7km 지역
498,2011.6.2 10:50,2.9,,36.70 N,127.94 E,경북 문경시 서북서쪽 26km 지역
497,2011.6.2 8:09,2.9,,33.59 N,127.26 E,제주 서귀포시 성산 동북동쪽 42km 해역
496,2011.5.29 10:22,3.2,,35.58 N,128.75 E,경북 청도군 남쪽 8km 지역
495,2011.5.28 15:41,2.5,,35.93 N,129.69 E,경북 포항시 남구 동남동쪽 31km 해역
494,2011.5.25 18:29,2.3,,33.61 N,127.28 E,제주 서귀포시 성산 동북동쪽 31km 해역
493,2011.5.11 21:08,2.2,,39.33 N,126.22 E,북한 평안남도 성천 북쪽 10km 지역
492,2011.4.24 16:37,3.1,,37.85 N,125.01 E,인천 백령도 동남동쪽 31km 해역
491,2011.4.11 23:48,2.8,,39.13 N,125.87 E,북한 평안남도 평성 남쪽 12km 지역
490,2011.4.11 6:11,3.1,,37.72 N,129.07 E,강원 강릉시 동남동쪽 16km 해역
489,2011.4.3 1:47,2.7,,35.77 N,128.53 E,대구 달성군 남남서쪽 7km 지역
488,2011.3.28 13:50,3.2,,35.97 N,129.95 E,경북 포항시 북구 동쪽 53km 해역
487,2011.3.24 4:35,2.8,,36.34 N,127.83 E,충북 옥천군 동쪽 23km 지역
486,2011.3.14 14:47,2.9,,34.62 N,126.10 E,전남 신안군 남서쪽 31km 해역
485,2011.3.13 3:12,2.3,,37.50 N,125.33 E,인천 옹진군 연평도 서남서쪽 38km 해역
484,2011.3.12 8:15,2.6,,37.00 N,125.27 E,충남 태안군 서격렬비도 북북서쪽 50km 해역
483,2011.3.11 9:57,2.5,,38.51 N,127.57 E,북한 강원 회양 남쪽 22km 지역
482,2011.3.6 11:04,2.9,,38.66 N,125.67 E,북한 황해북도 송림 남남동쪽 9km 지역
481,2011.2.27 18:50,3.5,,33.65 N,125.90 E,제주 제주시 고산 북북서쪽 47km 해역
480,2011.2.11 19:21,2.2,,37.19 N,129.06 E,강원 삼척시 남남서쪽 30km 지역
479,2011.1.26 22:15,2.7,,33.40 N,127.33 E,제주 서귀포시 성산 동쪽 42km 해역
478,2011.1.21 10:56,2.2,,33.70 N,127.38 E,전남 여수시 거문도 남쪽 37km 해역
477,2011.1.4 1:22,2,,36.41 N,127.15 E,충남 공주시 남동쪽 4km 지역
476,2010.12.20 6:56,2.2,,36.93 N,125.50 E,충남 태안군 서격렬비도 북북서쪽 35km 해역
475,2010.12.19 9:11,2.6,,37.31 N,129.38 E,강원 삼척시 남동쪽 24km 해역
474,2010.11.28 10:15,2.3,,35.18 N,127.02 E,전남 담양군 남쪽 16km 지역
473,2010.11.27 7:51,2.8,,35.95 N,129.79 E,경북 포항시 남구 동쪽 39km 해역
472,2010.11.20 0:07,2.7,,36.83 N,126.76 E,충남 당진시 동남동쪽 13km 지역
471,2010.11.7 20:11,2.8,,40.15 N,128.28 E,북한 함경남도 북청 서북서쪽 11km 지역
470,2010.10.25 12:36,2.5,,34.29 N,127.39 E,전남 여수시 거문도 북북동쪽 30km 지역
469,2010.10.23 23:43,2.4,,39.77 N,126.70 E,북한 함경남도 요덕 북서쪽 19km 지역
468,2010.10.22 11:59,2.5,,35.85 N,128.18 E,경북 성주군 남서쪽 12km 지역
467,2010.10.14 18:06,2.3,,37.14 N,129.73 E,경북 울진군 동북동쪽 33km 해역
466,2010.10.7 2:33,2.8,,35.87 N,129.79 E,경북 포항시 남구 동남동쪽 41km 해역
465,2010.10.4 23:24,2.8,,37.67 N,129.70 E,강원 삼척시 동북동쪽 53km 해역
464,2010.9.30 2:07,2.5,,33.41 N,127.34 E,제주 제주시 동남동쪽 67km 해역
463,2010.9.6 19:32,2.8,,36.56 N,129.01 E,경북 청송군 북북서쪽 15km 지역
462,2010.8.28 7:35,3.2,,32.90 N,126.27 E,제주 제주시 고산 남남동쪽 45km 해역
461,2010.8.24 3:59,2.5,,38.71 N,125.90 E,북한 황해북도 송림 동쪽 23km 지역
460,2010.7.27 18:32,2.2,,36.34 N,127.26 E,충남 공주시 남동쪽 17km 지역
459,2010.7.6 3:44,2.3,,36.47 N,127.13 E,충남 공주시 북북동쪽 3km 지역
458,2010.6.28 12:19,2.1,,38.75 N,126.03 E,북한 황해북도 송림 동쪽 34km 지역
457,2010.6.26 4:59,2.7,,32.35 N,125.88 E,제주 서귀포시 이어도 동북동쪽 70km 해역
456,2010.6.22 22:21,2.6,,38.46 N,125.64 E,북한 황해북도 사리원 서남서쪽 12km 지역
455,2010.6.11 13:02,2.1,,38.78 N,126.07 E,북한 황해북도 송림 동쪽 38km 지역
454,2010.5.26 15:22,2.4,,37.60 N,129.68 E,강원 삼척시 동북동쪽 48km 해역
453,2010.5.15 14:44,2.2,,36.00 N,127.84 E,전북 무주군 동쪽 16km 지역
452,2010.4.28 14:42,2.1,,36.55 N,128.71 E,경북 안동시 남서쪽 3km 지역
451,2010.4.27 19:29,2.3,,36.80 N,128.75 E,경북 안동시 북쪽 26km 지역
450,2010.4.16 19:56,2.2,,38.78 N,126.01 E,북한 황해북도 송림 동쪽 29km 지역
449,2010.4.13 2:14,2.5,,34.02 N,125.44 E,전남 신안군 흑산면 남쪽 70km 해역
448,2010.4.12 1:18,2.2,,34.12 N,125.66 E,전남 신안군 흑산면 남남동쪽 61km 해역
447,2010.4.4 12:49,2.3,,38.51 N,126.06 E,북한 황해북도 사리원 동쪽 26km 지역
446,2010.3.9 12:50,3.2,,36.42 N,125.75 E,충남 태안군 서격렬비열도 남동쪽 28km 해역
445,2010.3.1 21:58,2.2,,38.41 N,125.62 E,북한 황해남도 안악 남동쪽 15km 지역
444,2010.2.22 23:29,3,,33.29 N,127.17 E,제주 서귀포시 동쪽 61km 해역
443,2010.2.21 21:17,2.3,,36.75 N,127.10 E,충남 천안시 남서쪽 8km 지역
442,2010.2.16 18:53,3.3,,35.63 N,129.95 E,울산 동구 동북동쪽 64km 해역
441,2010.2.9 18:08,3,,37.45 N,126.80 E,경기 시흥시 북쪽 8km 지역
440,2010.2.3 20:57,2.6,,33.33 N,127.19 E,제주 서귀포시 성산 동남동쪽 29km 해역
439,2010.2.1 6:42,2.4,,33.34 N,127.18 E,제주 서귀포시 성산 동쪽 28km 해역
438,2010.2.1 5:00,2.3,,33.30 N,127.14 E,제주 서귀포시 성산 동남동쪽 26km 해역
437,2010.1.23 17:54,2.1,,36.59 N,128.17 E,경북 상주시 북쪽 20km 지역
436,2010.1.10 11:58,2.1,,38.80 N,126.07 E,북한 평양 남동쪽 37km 지역
435,2010.1.5 20:12,2.6,,36.97 N,126.52 E,충남 당진군 북서쪽 13km 지역
434,2009.12.26 10:55,2.2,,37.87 N,124.91 E,북한 인천 백령도 동남동쪽 22km 해역
433,2009.12.15 9:02,2.4,,36.76 N,127.10 E,충남 아산시 동남동쪽 9km 지역
432,2009.12.15 7:19,2.3,,38.80 N,125.94 E,북한 황해북도 송림 동북동쪽 27km 지역
431,2009.12.11 13:13,2.8,,33.69 N,125.64 E,전남 신안군 가거도 남동쪽 62km 해역
430,2009.12.4 5:14,2.8,,36.72 N,128.55 E,경북 예천군 북동쪽 11km 지역
429,2009.11.27 10:34,2.4,,37.69 N,129.58 E,강원 동해시 동북동쪽 44km 해역
428,2009.11.17 5:38,2.3,,36.07 N,126.95 E,전북 익산시 북쪽 14km 지역
427,2009.11.14 21:27,2.5,,34.81 N,127.93 E,경남 남해군 남동쪽 4km 지역
426,2009.11.14 5:28,2.4,,35.66 N,126.91 E,전북 정읍시 북동쪽 14km 지역
425,2009.11.5 4:31,2.7,,38.42 N,124.87 E,북한 황해남도 장연 서북서쪽 50km 해역
424,2009.10.16 13:12,2.3,,33.40 N,127.29 E,제주 서귀포시 성산 동쪽 38km 해역
423,2009.10.4 12:00,2.5,,39.38 N,126.05 E,북한 평안남도 평성 북북동쪽 17km 지역
422,2009.10.1 21:30,2.9,,38.12 N,126.02 E,북한 황해남도 해주 동북동쪽 28km 지역
421,2009.8.25 23:08,2.4,,37.68 N,124.68 E,인천 백령도 남쪽 30km 해역
420,2009.8.21 23:02,3.8,,38.82 N,125.79 E,북한 황해북도 송림 북동쪽 16km 지역
419,2009.8.17 15:24,2.4,,36.54 N,129.60 E,경북 영덕군 북동쪽 24km 해역
418,2009.8.15 3:18,2.6,,36.52 N,129.61 E,경북 영덕군 북동쪽 23km 해역
417,2009.7.30 9:27,2.6,,35.85 N,126.29 E,전북 부안군 위도 북쪽 27km 해역
416,2009.7.17 13:14,2.5,,38.45 N,126.15 E,북한 황해북도 평산 서북서쪽 25km 지역
415,2009.7.15 4:04,3,,35.14 N,125.10 E,전남 신안군 흑산면 북북서쪽 61km 해역
414,2009.7.1 8:55,2.6,,37.84 N,124.94 E,인천 백령도 남동쪽 30km 해역
413,2009.6.29 11:52,2.7,,37.14 N,126.00 E,인천 옹진군 덕적도 서남서쪽 16km 해역
412,2009.6.28 22:07,3,,35.78 N,128.29 E,경북 고령군 북북동쪽 7km 지역
411,2009.6.25 13:05,2.2,,39.43 N,126.11 E,북한 평안남도 성천 서북서쪽 15km 지역
410,2009.6.20 21:14,2.2,,38.03 N,126.62 E,북한 개성 북동쪽 8km 지역
409,2009.6.20 4:05,2.9,,37.09 N,124.74 E,충남 태안군 서격렬비도 북서쪽 89km 해역
408,2009.6.6 1:56,2.4,,35.09 N,125.06 E,전남 신안군 흑산면 북서쪽 62km 해역
407,2009.6.6 0:49,2.8,,38.63 N,127.44 E,북한 강원 회양 서남서쪽 16km 지역
406,2009.6.3 20:09,2.9,,38.57 N,126.50 E,북한 황해북도 신계 북북서쪽 9km 지역
405,2009.6.3 15:56,2.4,,33.19 N,126.33 E,제주 서귀포시 서남서쪽 18km 해역
404,2009.5.31 15:24,2.3,,38.60 N,126.43 E,북한 황해북도 신계 북서쪽 14km 지역
403,2009.5.31 0:10,2.5,,33.52 N,125.85 E,제주 제주시 서쪽 63km 해역
402,2009.5.26 18:59,2.2,,36.57 N,129.22 E,경북 영양군 남동쪽 14km 지역
401,2009.5.25 18:12,2.4,,36.95 N,129.33 E,경북 울진군 남서쪽 8km 지역
400,2009.5.15 22:41,2.4,,36.59 N,126.41 E,충남 태안군 남남동쪽 20km 해역
399,2009.5.14 20:50,2.2,,36.25 N,127.13 E,충남 논산시 북쪽 11km 지역
398,2009.5.2 12:28,2.9,,36.57 N,128.71 E,경북 안동시 서북서쪽 2km 지역
397,2009.5.2 7:58,4,,36.56 N,128.71 E,경북 안동시 서남서쪽 2km 지역
396,2009.4.29 12:15,2.9,,33.43 N,127.36 E,제주 서귀포시 성산 동쪽 45km 해역
395,2009.4.21 17:44,2,,35.45 N,128.21 E,경남 의령군 북북서쪽 15km 지역
394,2009.4.18 20:19,2.5,,33.39 N,127.07 E,제주 서귀포시 성산 동쪽 18km 해역
393,2009.4.14 4:51,2.5,,38.45 N,125.65 E,북한 황해북도 사리원 서남서쪽 11km 지역
392,2009.4.2 20:28,3,,37.60 N,125.95 E,인천 강화군 서남서쪽 50km 해역
391,2009.3.30 5:58,2.3,,36.21 N,128.08 E,경북 김천시 북쪽 8km 지역
390,2009.3.26 22:21,2.9,,38.11 N,127.13 E,경기 연천군 동쪽 3km 지역
389,2009.3.26 2:32,2.3,,33.38 N,127.14 E,제주 서귀포시 성산 동쪽 24km 해역
388,2009.3.2 14:20,3.4,,37.08 N,124.65 E,충남 태안군 서격렬비도 북서쪽 95km 해역
387,2009.2.26 20:53,2.2,,36.94 N,129.36 E,경북 울진군 남서쪽 7km 지역
386,2009.2.26 15:03,2.7,,35.03 N,129.59 E,부산 기장군 남동쪽 41km 해역
385,2009.2.23 21:47,2.8,,37.13 N,126.01 E,인천 옹진군 덕적도 남서쪽 15km 해역
384,2009.2.19 0:01,2.3,,39.72 N,126.89 E,북한 함경남도 요덕 북북동쪽 9km 지역
383,2009.2.15 22:41,3,,35.76 N,125.71 E,전북 군산시 어청도 남남서쪽 47km 해역
382,2009.2.15 12:57,2.3,,35.85 N,127.72 E,전북 무주군 남남동쪽 18km 지역
381,2009.2.12 17:46,3.2,,35.26 N,127.44 E,전남 구례군 동쪽 7km 지역
380,2009.1.13 19:07,3,,36.47 N,129.64 E,경북 영덕군 동쪽 22km 해역
379,2009.1.9 20:53,3.2,,38.73 N,125.82 E,북한 황해북도 사리원 북북동쪽 22km 지역
378,2009.1.5 2:59,2.1,,33.47 N,127.31 E,제주 서귀포시 성산 동북동쪽 41km 해역
377,2009.1.2 8:15,2.2,,33.94 N,127.67 E,전남 고흥군 남남동쪽 82km 해역
376,2009.1.1 15:58,2.5,,36.50 N,129.08 E,경북 청송군 북북동쪽 7km 지역
375,2009.1.1 6:45,2.1,,36.31 N,128.35 E,경북 구미시 북쪽 22km 지역
374,2008.12.29 5:51,2.2,,35.67 N,126.34 E,전북 부안군 서쪽 36km 해역
373,2008.12.19 21:53,2.2,,37.36 N,129.83 E,경북 울진군 북동쪽 56km 해역
372,2008.12.19 17:53,3.5,,36.49 N,129.68 E,경북 영덕군 동북동쪽 29km 해역
371,2008.12.18 23:38,2.3,,36.47 N,129.66 E,경북 영덕군 동북동쪽 27km 해역
370,2008.12.11 19:31,2.7,,40.38 N,126.87 E,북한 자강도 용림 남남동쪽 14km 지역
369,2008.12.8 8:49,2.4,,35.14 N,124.62 E,전남 신안군 흑산면 북서쪽 95km 해역
368,2008.12.7 18:02,2.3,,37.79 N,125.02 E,북한 황해남도 옹진 서남서쪽 34km 해역
367,2008.12.7 2:28,2.4,,36.45 N,129.56 E,경북 영덕군 동북동쪽 18km 해역
366,2008.11.11 23:37,2.5,,38.56 N,125.66 E,북한 황해북도 사리원 북서쪽 11km 지역
365,2008.11.11 21:30,3,,38.55 N,125.67 E,북한 황해북도 사리원 서북서쪽 9km 지역
364,2008.11.11 21:20,3,,38.54 N,125.65 E,북한 황해북도 사리원 서북서쪽 10km 지역
363,2008.11.5 18:12,2.3,,37.07 N,129.11 E,경북 봉화군 동북동쪽 38km 지역
362,2008.10.29 9:26,3.4,,36.35 N,127.25 E,충남 공주시 남동쪽 15km 지역
361,2008.10.8 11:04,2.1,,38.12 N,127.11 E,경기 연천군 북동쪽 4km 지역
360,2008.9.20 11:24,2.8,,34.11 N,125.02 E,전남 신안군 흑산면 남서쪽 73km 해역
359,2008.9.13 12:05,2.5,,35.60 N,126.99 E,전북 정읍시 동북동쪽 12km 지역
358,2008.9.11 10:46,2.4,,38.08 N,127.12 E,경기 연천군 동남동쪽 4km 지역
357,2008.9.8 15:35,2.6,,34.57 N,128.25 E,경남 통영시 남남서쪽 36km 해역
356,2008.9.4 0:44,3,,35.13 N,125.04 E,전남 신안군 흑산면 북서쪽 66km 해역
355,2008.8.20 14:45,2.2,,35.72 N,125.69 E,전북 군산시 어청도 남남서쪽 52km 해역
354,2008.7.27 21:48,2.2,,34.45 N,128.08 E,경남 남해군 남남동쪽 46km 해역
353,2008.7.27 17:13,2.4,,39.40 N,126.03 E,북한 평안남도 평성 북동쪽 23km 지역
352,2008.7.23 19:29,3.2,,34.49 N,128.04 E,경남 남해군 남남동쪽 41km 해역
351,2008.7.22 23:11,2.5,,35.31 N,129.74 E,울산 동구 남동쪽 36km 해역
350,2008.7.4 20:48,2.5,,39.30 N,127.19 E,북한 함경남도 고원 남남서쪽 15km 지역
349,2008.7.4 19:39,2.1,,39.26 N,127.22 E,북한 함경남도 고원 남쪽 18km 지역
348,2008.7.1 16:32,2.3,,35.54 N,128.82 E,경남 밀양시 북동쪽 8km 지역
347,2008.6.30 3:34,2.3,,35.10 N,124.66 E,전남 신안군 흑산면 북서쪽 89km 해역
346,2008.6.21 23:30,2.2,,35.57 N,128.60 E,경남 밀양시 북서쪽 17km 지역
345,2008.5.31 21:59,4.2,,33.50 N,125.69 E,제주 제주시 서쪽 78km 해역
344,2008.5.26 11:01,2.6,,35.85 N,130.01 E,경북 포항시 남구 동남동쪽 61km 해역
343,2008.3.27 16:29,2.8,,37.78 N,126.40 E,인천 강화군 서북서쪽 9km 지역
342,2008.3.21 23:57,2.7,,35.15 N,124.57 E,전남 신안군 흑산면 북서쪽 99km 해역
341,2008.3.15 1:38,2,,38.11 N,127.10 E,경기 연천군 북동쪽 3km 지역
340,2008.3.9 18:07,2.2,,38.75 N,125.84 E,북한 황해북도 송림 동쪽 18km 지역
339,2008.3.8 18:05,2,,35.66 N,128.80 E,경북 청도군 동북동쪽 6km 지역
338,2008.2.29 15:53,3.2,,38.75 N,126.23 E,북한 황해북도 신계 북서쪽 38km 지역
337,2008.2.29 5:37,2.4,,33.57 N,126.54 E,제주 제주시 북쪽 8km 해역
336,2008.2.26 23:22,2.5,,35.97 N,126.56 E,전북 군산시 서쪽 14km 해역
335,2008.2.26 9:10,2.6,,37.95 N,124.85 E,인천 백령도 동쪽 15km 해역
334,2008.2.23 18:19,2.2,,35.82 N,129.33 E,경북 경주시 동쪽 11km 지역
333,2008.2.5 10:06,2.3,,38.41 N,125.90 E,북한 황해북도 사리원 남동쪽 16km 지역
332,2008.1.16 19:58,3.9,,35.65 N,125.37 E,전북 군산시 어청도 남서쪽 75km 해역
331,2008.1.14 18:03,2.2,,36.19 N,127.54 E,충남 금산군 북북동쪽 10km 지역
330,2008.1.10 22:51,2.2,,35.09 N,125.06 E,전남 신안군 흑산면 북서쪽 62km 해역
329,2008.1.1 6:33,3.2,,40.41 N,127.25 E,북한 함경남도 장진 북북동쪽 3km 지역
328,2007.12.28 4:03,2.7,,34.98 N,129.64 E,부산 해운대구 동남동쪽 48km 해역
327,2007.12.22 9:54,2.6,,38.63 N,125.50 E,북한 황해남도 안악군 북쪽 14km 지역
326,2007.12.16 0:04,2.2,,35.62 N,127.80 E,경남 함양군 북북동쪽 13km 지역
325,2007.11.19 5:51,2.1,,34.78 N,126.48 E,전남 영암군 서쪽 20km 지역
324,2007.10.29 2:32,2.5,,36.62 N,128.42 E,경북 예천군 남서쪽 5km 지역
323,2007.10.17 20:06,2.1,,36.43 N,129.57 E,경북 영덕군 동쪽 18km 해역
322,2007.10.16 14:59,2.9,,37.45 N,128.97 E,강원 동해시 서남서쪽 15km 지역
321,2007.10.13 4:13,2.1,,36.44 N,129.63 E,경북 영덕군 동쪽 24km 해역
320,2007.10.8 22:36,2.2,,38.90 N,125.76 E,북한 평양 남쪽 13km 지역
319,2007.10.6 9:08,2.5,,35.59 N,125.96 E,전남 영광군 북서쪽 61km 해역
318,2007.10.4 23:56,2.9,,36.43 N,129.55 E,경북 영덕군 동쪽 16km 해역
317,2007.10.1 1:02,2.2,,36.44 N,129.54 E,경북 영덕군 북동쪽 16km 해역
316,2007.9.24 0:24,2.6,,36.45 N,129.61 E,경북 영덕군 동쪽 22km 해역
315,2007.9.17 1:16,3,,36.45 N,129.69 E,경북 영덕군 동쪽 29km 해역
314,2007.9.12 6:50,2.7,,36.46 N,129.47 E,경북 영덕군 동북동쪽 11km 해역
313,2007.8.30 16:12,2.9,,38.69 N,125.64 E,북한 황해북도 송림 남쪽 5km 지역
312,2007.8.18 15:09,2.5,,35.99 N,125.78 E,전북 군산시 어청도 남서쪽 23km 해역
311,2007.8.12 4:52,2.1,,36.05 N,127.74 E,충북 영동군 남남서쪽 14km 지역
310,2007.8.7 18:39,2.4,,37.23 N,128.80 E,강원 정선군 남동쪽 20km 지역
309,2007.7.27 1:37,2.1,,39.16 N,126.65 E,북한 평안남도 양덕 남남동쪽 6km 지역
308,2007.7.22 13:49,2.6,,36.88 N,126.66 E,충남 당진군 동남동쪽 3km 지역
307,2007.7.19 21:01,2.2,,37.08 N,129.01 E,강원 태백시 남남동쪽 9km 지역
306,2007.7.8 19:28,2.2,,37.37 N,129.66 E,강원 삼척시 동남동쪽 44km 해역
305,2007.6.26 0:01,2.2,,35.61 N,130.15 E,울산 동구 동쪽 67km 해역
304,2007.5.28 0:51,2.1,,35.23 N,128.57 E,경남 마산시 북쪽 4km 지역
303,2007.5.26 19:59,2.5,,36.10 N,125.05 E,충남 태안군 서격렬비열도 남서쪽 70km 해역
302,2007.5.19 7:53,2.4,,36.57 N,129.00 E,경북 청송군 북북서쪽 16km 지역
301,2007.5.16 4:56,2.5,,35.72 N,129.22 E,경북 경주시 남쪽 13km 지역
300,2007.5.13 16:22,2.2,,35.92 N,128.01 E,경북 김천시 남남서쪽 25km 지역
299,2007.5.11 5:51,2.1,,35.55 N,129.91 E,울산 동구 동쪽 45km 해역
298,2007.5.3 18:24,2.1,,36.60 N,127.83 E,경북 상주시 북서쪽 36km 지역
297,2007.5.3 12:24,2.2,,36.13 N,127.85 E,충북 영동군 남동쪽 7km 지역
296,2007.4.25 8:36,2,,36.94 N,126.53 E,충남 당진군 서북서쪽 11km 지역
295,2007.4.1 22:16,2.3,,38.58 N,125.63 E,북한 황해북도 사리원 북서쪽 14km 지역
294,2007.3.28 2:47,2.8,,38.64 N,125.60 E,북한 황해북도 송림 남남서쪽 11km 해역
293,2007.3.15 5:30,2.9,,36.18 N,127.97 E,충북 영동군 동쪽 17km 지역
292,2007.3.10 18:18,2,,37.21 N,128.85 E,강원 정선군 남동쪽 25km 지역
291,2007.2.6 0:35,2.2,,34.97 N,129.68 E,부산 기장군 남동쪽 52km 해역
290,2007.1.24 16:31,2.4,,38.62 N,125.59 E,북한 황해북도 송림 남남서쪽 13km 지역
289,2007.1.20 20:56,4.8,,37.68 N,128.59 E,강원 평창군 북북동쪽 39km 지역
288,2007.1.19 9:06,2,,37.69 N,128.57 E,강원 평창군 북북동쪽 39km 지역
287,2007.1.6 5:47,2.4,,39.11 N,127.98 E,북한 강원 원산 동쪽 48km 해역
286,2006.12.28 9:44,2.2,,36.11 N,128.11 E,경북 김천시 남남동쪽 3km 지역
285,2006.12.20 1:18,2.1,,37.14 N,129.90 E,경북 울진군 동북동쪽 47km 해역
284,2006.12.10 1:39,2.5,,33.06 N,126.22 E,제주 서귀포시 남서쪽 35km 해역
283,2006.12.4 0:51,2.7,,36.46 N,127.92 E,경북 상주시 서북서쪽 22km 지역
282,2006.11.26 3:05,2.4,,34.14 N,127.48 E,전남 여수시 거문도 북동쪽 20km 해역
281,2006.11.12 8:19,2.9,,38.59 N,125.12 E,북한 남포 서남서쪽 34km 지역
280,2006.11.11 1:16,2.4,,35.97 N,127.45 E,전북 진안군 북쪽 20km 지역
279,2006.10.25 18:14,2.6,,33.36 N,125.75 E,제주 제주시 고산 서쪽 39km 해역
278,2006.10.22 14:09,2.2,,37.13 N,125.98 E,인천 옹진군 덕적도 서남서쪽 18km 해역
277,2006.10.16 14:12,2.4,,37.35 N,124.88 E,인천 백령도 남남동쪽 69km 해역
276,2006.10.4 5:29,2.2,,36.67 N,127.67 E,충북 청원군 동북동쪽 16km 지역
275,2006.9.29 23:07,3.4,,34.10 N,124.90 E,전남 신안군 흑산면 남서쪽 81km 해역
274,2006.9.20 14:15,2.1,,34.62 N,128.81 E,경남 거제시 남남동쪽 33km 해역
273,2006.9.20 0:03,2.6,,35.92 N,129.56 E,경북 포항시 남구 동남동쪽 20km 해역
272,2006.8.26 7:44,2.2,,37.21 N,128.81 E,강원 정선군 남동쪽 23km 지역
271,2006.8.9 8:16,2.3,,35.70 N,124.82 E,전남 영광군 안마도 서북서쪽 117km 해역
270,2006.8.7 14:18,2.8,,35.60 N,124.63 E,전남 신안군 흑산면 북서쪽 130km 해역
269,2006.8.1 12:57,2,,35.74 N,127.82 E,경남 거창군 북서쪽 10km 지역
268,2006.7.26 2:50,2,,35.80 N,127.88 E,경남 거창군 북북서쪽 13km 지역
267,2006.7.25 23:29,2.5,,35.79 N,127.89 E,경남 거창군 북쪽 12km 지역
266,2006.7.24 2:44,2,,37.17 N,126.32 E,인천 옹진군 남서쪽 42km 해역
265,2006.7.18 14:49,2,,36.13 N,126.65 E,충남 서천군 북서쪽 7km 지역
264,2006.6.1 11:58,2.4,,34.60 N,128.16 E,경남 남해군 남동쪽 36km 해역
263,2006.5.8 6:59,2.4,,36.22 N,129.54 E,경북 포항시 북구 북동쪽 25km 해역
262,2006.4.30 9:50,2.5,,37.05 N,129.84 E,경북 울진군 동쪽 39km 해역
261,2006.4.29 11:01,3.5,,37.09 N,129.93 E,경북 울진군 동북동쪽 48km 해역
260,2006.4.29 1:01,2.5,,37.07 N,129.81 E,경북 울진군 동북동쪽 37km 해역
259,2006.4.28 23:54,2.5,,37.12 N,129.93 E,경북 울진군 동북동쪽 49km 해역
258,2006.4.28 23:47,3,,37.09 N,129.93 E,경북 울진군 동북동쪽 48km 해역
257,2006.4.19 16:18,2.1,,37.01 N,129.82 E,경북 울진군 동쪽 37km 해역
256,2006.4.19 16:01,2.4,,37.10 N,129.92 E,경북 울진군 동북동쪽 47km 해역
255,2006.4.19 10:57,2.5,,37.10 N,129.91 E,경북 울진군 동북동쪽 47km 해역
254,2006.4.19 9:49,3,,37.05 N,129.96 E,경북 울진군 동쪽 50km 해역
253,2006.4.19 9:35,2.4,,37.07 N,129.93 E,경북 울진군 동쪽 48km 해역
252,2006.4.13 1:09,2.8,,34.74 N,125.01 E,전남 신안군 흑산면 서북서쪽 43km 해역
251,2006.4.3 18:14,3.3,,38.68 N,125.96 E,북한 황해도 사리원 동북동쪽 24km지역
250,2006.4.2 0:04,2,,35.38 N,127.22 E,전북 남원시 서남서쪽 16km 지역
249,2006.3.26 7:54,2.4,,35.67 N,126.26 E,전북 부안군 위도 북북서쪽 48km 해역
248,2006.3.23 7:42,2.5,,38.33 N,127.30 E,북한 강원 철원군 북쪽 20km 지역
247,2006.3.19 14:03,2,,36.33 N,127.34 E,대전 서구 서남서쪽 3km 지역
246,2006.3.19 13:59,2.9,,36.34 N,127.36 E,대전 서구 서남서쪽 1km 지역
245,2006.3.15 4:36,2.4,,38.19 N,125.94 E,북한 황해남도 해주 북동쪽 26km 지역
244,2006.3.11 4:52,2.1,,37.13 N,126.00 E,충남 태안군 북북서쪽 51km 해역
243,2006.3.10 5:57,2.5,,33.30 N,127.15 E,제주 서귀포시 동쪽 59km 해역
242,2006.2.28 18:52,2.3,,36.22 N,127.66 E,충북 영동군 서북서쪽 13km 지역
241,2006.2.28 0:11,2.3,,35.80 N,127.89 E,경남 거창군 북쪽 13km 지역
240,2006.2.14 3:32,3,,38.67 N,126.03 E,북한 황해북도 사리원 북동쪽 30km 지역
239,2006.1.21 11:29,2.1,,36.33 N,127.26 E,충남 공주시 남동쪽 18km 지역
238,2006.1.19 22:53,2,,37.19 N,128.77 E,강원 영월군 동쪽 27km 지역
237,2006.1.19 12:35,3.2,,37.21 N,128.80 E,강원 정선군 남남동쪽 22km 지역
236,2005.12.25 3:58,2.6,,34.76 N,127.11 E,전남 보성군 동남동쪽 3km 해역
235,2005.12.18 0:00,2.2,,34.64 N,127.61 E,전남 여수시 남서쪽 15km 해역
234,2005.12.7 18:02,2.5,,36.62 N,127.76 E,충북 괴산군 남쪽 21km 지역
233,2005.11.27 11:47,3.1,,38.35 N,123.99 E,북한 인천 백령도 북서쪽 75km 해역
232,2005.11.15 9:10,3.1,,37.21 N,128.80 E,강원 정선군 남남동쪽 23km 지역
231,2005.11.6 12:52,2.2,,35.98 N,128.13 E,경북 김천시 남쪽 18km 지역
230,2005.10.23 1:02,2.7,,34.98 N,127.01 E,전남 화순군 남남동쪽 10km 지역
229,2005.10.21 12:00,3.2,,37.87 N,125.05 E,북한 황해남도 옹진 서남서쪽 28km 해역
228,2005.10.13 11:22,2.7,,36.94 N,129.47 E,경북 울진군 남동쪽 9km 해역
227,2005.10.10 8:51,3.5,,37.92 N,124.94 E,북한 인천 백령도 동쪽 23km 해역
226,2005.10.3 19:18,2.1,,35.82 N,129.58 E,경북 포항시 남구 남동쪽 29km 해역
225,2005.9.7 17:11,2.1,,37.09 N,127.84 E,충북 충주시 북서쪽 13km 지역
224,2005.8.31 12:58,2.2,,37.13 N,129.69 E,경북 울진군 동북동쪽 30km 해역
223,2005.8.25 19:33,2.4,,36.65 N,126.26 E,충남 태안군 남남서쪽 11km 지역
222,2005.8.24 5:06,3.4,,34.16 N,127.03 E,전남 여수시 거문도 서북서쪽 30km 해역
221,2005.7.30 3:01,3.1,,34.16 N,127.44 E,전남 여수시 거문도 북동쪽 19km 해역
220,2005.6.30 0:25,3.1,,36.66 N,129.63 E,경북 영덕군 북동쪽 36km 해역
219,2005.6.29 23:18,4,,34.50 N,129.05 E,경남 통영시 매물도 동남동쪽 46km 해역
218,2005.6.20 15:31,3,,38.81 N,125.57 E,북한 황해북도 송림 북서쪽 10km 지역
217,2005.6.15 7:37,3,,33.00 N,126.15 E,제주 제주시 고산 남쪽 33km 해역
216,2005.6.15 7:07,3.9,,33.06 N,126.17 E,제주 제주시 고산 남쪽 26km 해역
215,2005.6.10 21:14,2.5,,36.77 N,128.48 E,경북 예천군 북쪽 13km 지역
214,2005.6.10 12:49,2.3,,36.78 N,128.49 E,경북 영주시 서남서쪽 12km 지역
213,2005.6.8 0:07,2.5,,37.51 N,124.76 E,인천 백령도 남쪽 50km 해역
212,2005.5.15 7:22,2.6,,38.13 N,125.60 E,북한 황해남도 해주 북서쪽 14km 지역
211,2005.5.1 16:27,3.6,,35.04 N,122.99 E,전남 신안군 흑산면 서쪽 230km 해역
210,2005.4.21 12:37,3,,34.91 N,125.47 E,전남 신안군 흑산면 북쪽 29km 해역
209,2005.4.9 23:04,2.4,,35.67 N,130.03 E,울산 동구 동북동쪽 58km 해역
208,2005.4.9 19:14,2.4,,37.17 N,125.41 E,인천 옹진군 연평도 남남서쪽 61km 해역
207,2005.4.1 0:15,2.4,,33.56 N,126.97 E,제주 서귀포시 성산 북북동쪽 21km 해역
206,2005.3.31 19:32,2.2,,36.43 N,125.57 E,충남 태안군 서격렬비열도 남쪽 19km 해역
205,2005.3.17 23:39,3.1,,32.47 N,125.85 E,제주 서귀포시 남서쪽 108km 해역
204,2005.3.12 11:56,2.4,,38.82 N,127.14 E,북한 강원 회양 서북서쪽 42km 지역
203,2005.2.20 22:18,3.4,,35.40 N,126.22 E,전남 영광군 서북서쪽 30km 해역
202,2005.2.7 20:16,2.8,,36.59 N,130.02 E,경북 영덕군 동북동쪽 62km 해역
201,2005.2.5 11:27,2.5,,33.49 N,126.36 E,제주 제주시 서쪽 16km 해역
200,2005.2.3 7:48,2.4,,38.95 N,130.39 E,경북 울릉군 북북서쪽 169km 해역
199,2004.12.12 3:00,2.1,,33.60 N,127.70 E,제주 제주시 동쪽 109km 해역
198,2004.12.10 19:41,2.3,,32.90 N,125.80 E,제주 서귀포시 서남서쪽 77km 해역
197,2004.11.30 13:51,2.5,,33.20 N,125.70 E,제주 서귀포시 서쪽 76km 해역
196,2004.11.28 13:15,2.4,,37.60 N,129.50 E,강원 삼척시 동북동쪽 34km 해역
195,2004.11.5 1:25,2,,37.10 N,126.10 E,인천 옹진군 덕적도 남남서쪽 14km 해역
194,2004.10.20 14:12,2.7,,34.40 N,125.50 E,전남 신안군 흑산면 남쪽 28km 해역
193,2004.10.14 3:02,2.7,,33.70 N,127.30 E,전남 여수시 거문도 남쪽 36km 해역
192,2004.10.11 19:19,2.2,,38.00 N,125.40 E,북한 황해남도 옹진 북북동쪽 9km 지역
191,2004.10.4 6:24,2,,35.50 N,128.30 E,경남 의령군 북쪽 20km 지역
190,2004.9.27 18:47,2.5,,35.50 N,128.30 E,경남 의령군 북쪽 20km 지역
189,2004.9.24 1:40,2.5,,33.40 N,127.10 E,제주 서귀포시 성산 동쪽 20km 해역
188,2004.9.15 7:47,2.5,,37.50 N,126.90 E,서울 영등포구 남쪽 3km 지역
187,2004.8.13 22:42,2.7,,37.60 N,126.50 E,인천 강화군 남쪽 16km 지역
186,2004.8.11 4:29,2.3,,33.30 N,126.20 E,제주 제주시 남서쪽 38km 지역
185,2004.8.6 5:32,3.3,,35.90 N,127.40 E,전북 진안군 북쪽 13km 지역
184,2004.7.14 20:37,2.1,,36.40 N,127.30 E,대전 유성구 북서쪽 7km 지역
183,2004.7.14 13:44,2.6,,33.40 N,127.20 E,제주 제주시 동쪽 63km 해역
182,2004.7.13 21:08,2.1,,38.50 N,126.00 E,북한 황해북도 사리원 동쪽 21km 지역
181,2004.6.11 16:25,2.1,,37.30 N,128.70 E,강원 정선군 남남동쪽 9km 지역
180,2004.6.1 20:22,3.5,,37.20 N,130.00 E,경북 울진군 동북동쪽 58km 해역
179,2004.5.30 21:45,2.2,,37.00 N,129.30 E,경북 울진군 서쪽 9km 지역
178,2004.5.30 4:45,2,,36.60 N,130.00 E,경북 영덕군 동북동쪽 60km 해역
177,2004.5.29 19:14,5.2,,36.80 N,130.20 E,경북 울진군 동남동쪽 74km 해역
176,2004.5.25 18:08,2.7,,39.50 N,124.90 E,북한 평안북도 정주 남서쪽 34km 해역
175,2004.5.17 15:05,2.1,,36.40 N,125.90 E,전북 군산시 어청도 북북서쪽 31km 해역
174,2004.5.6 23:10,2,,37.50 N,129.90 E,강원 삼척시 동쪽 65km 해역
173,2004.5.5 12:22,3.1,,32.70 N,126.00 E,제주 서귀포시 남서쪽 78km 해역
172,2004.5.5 2:15,2.2,,33.40 N,127.30 E,제주 제주시 동쪽 72km 해역
171,2004.5.5 1:07,2.2,,33.40 N,127.30 E,제주 제주시 동쪽 72km 해역
170,2004.4.30 23:43,2.8,,35.80 N,129.40 E,경북 경주시 동남동쪽 17km 지역
169,2004.4.29 17:31,2.9,,37.40 N,123.80 E,인천 백령도 남서쪽 99km 해역
168,2004.4.26 13:29,3.9,,35.80 N,128.20 E,경북 고령군 북서쪽 10km 지역
167,2004.4.15 23:25,2,,34.90 N,124.60 E,전남 신안군 흑산면 서북서쪽 84km 해역
166,2004.4.2 12:04,2.9,,39.40 N,126.00 E,북한 평안남도 평성 북동쪽 21km 지역
165,2004.3.7 20:58,2.9,,35.80 N,125.40 E,전북 군산시 어청도 남서쪽 63km 해역
164,2004.2.26 5:51,2.1,,37.20 N,128.90 E,강원 정선군 남동쪽 29km 지역
163,2004.2.6 7:30,2.4,,38.60 N,126.10 E,북한 황해북도 사리원 동북동쪽 31km 지역
162,2004.1.29 20:22,2.4,,35.90 N,128.50 E,경북 칠곡군 남동쪽 13km 지역
161,2004.1.23 5:27,2,,35.40 N,128.00 E,경남 산청군 동쪽 11km 지역
160,2004.1.17 9:47,2.9,,33.70 N,125.80 E,제주 제주시 서북서쪽 72km 해역
159,2004.1.6 1:49,3.2,,38.70 N,125.10 E,북한 남포 서남서쪽 31km 해역
158,2004.1.5 6:11,2.9,,36.20 N,127.00 E,충남 논산시 서북서쪽 9km 지역
157,2003.10.17 11:55,2,,35.80 N,129.40 E,경북 경주시 동남동쪽 17km 지역
156,2003.10.14 1:44,2.4,,34.10 N,127.50 E,전남 고흥군 남남동쪽 60km 해역
155,2003.10.13 18:12,3.6,,37.00 N,126.50 E,충남 당진군 북서쪽 17km 지역
154,2003.10.5 5:03,2.1,,36.30 N,127.30 E,대전 유성구 남서쪽 8km 지역
153,2003.10.4 4:59,2.3,,33.20 N,126.90 E,제주 서귀포시 동쪽 37km 해역
152,2003.9.25 15:24,2.5,,36.00 N,129.60 E,경북 포항시 북구 동남동쪽 21km 해역
151,2003.9.24 3:26,2.3,,35.80 N,128.50 E,대구 달성군 서남서쪽 6km 지역
150,2003.9.19 20:48,2.9,,37.50 N,124.50 E,인천 백령도 남남서쪽 53km 해역
149,2003.8.12 1:25,2.6,,34.70 N,130.30 E,부산 기장군 동남동쪽 115km 해역
148,2003.8.7 11:04,2.7,,36.80 N,129.50 E,경북 울진군 남남동쪽 23km 해역
147,2003.7.28 6:12,2.7,,35.10 N,124.70 E,전남 신안군 흑산면 북서쪽 86km 해역
146,2003.7.18 17:05,2.9,,35.00 N,124.30 E,전남 신안군 흑산면 서북서쪽 114km 해역
145,2003.7.9 15:20,2.7,,34.90 N,128.20 E,경남 고성군 남서쪽 14km 지역
144,2003.7.5 12:18,3,,37.40 N,125.30 E,인천 옹진군 연평도 남서쪽 46km 해역
143,2003.6.29 11:53,2.1,,35.70 N,124.80 E,전북 군산시 어청도 서남서쪽 115km 해역
142,2003.6.9 10:14,4,,36.00 N,123.60 E,충남 태안군 서격렬비열도 서남서쪽 186km 해역
141,2003.6.8 2:07,2.6,,36.50 N,125.10 E,충남 태안군 서격렬비열도 서남서쪽 40km 해역
140,2003.6.4 3:34,2.7,,35.20 N,125.20 E,전남 신안군 흑산면 북북서쪽 66km 해역
139,2003.4.16 2:55,3.3,,36.40 N,126.30 E,충남 보령시 서북서쪽 29km 해역
138,2003.4.5 0:56,2.4,,36.20 N,127.30 E,충남 논산시 동쪽 18km 지역
137,2003.4.5 0:31,2.9,,36.20 N,127.30 E,충남 논산시 동쪽 18km 지역
136,2003.4.5 0:25,2.5,,36.20 N,127.30 E,충남 논산시 동쪽 18km 지역
135,2003.4.1 22:26,2.1,,36.40 N,127.80 E,충북 보은군 남남동쪽 11km 지역
134,2003.3.30 20:10,5,,37.80 N,123.70 E,인천 백령도 서남서쪽 88km 해역
133,2003.3.23 5:38,4.9,,35.00 N,124.60 E,전남 신안군 흑산면 서북서쪽 88km 해역
132,2003.3.19 23:05,2.3,,36.50 N,129.60 E,경북 영덕군 동북동쪽 23km 해역
131,2003.3.14 4:06,2.1,,36.20 N,128.70 E,경북 군위군 동남동쪽 12km 지역
130,2003.3.10 3:28,3.1,,36.10 N,128.40 E,경북 구미시 동남동쪽 5km 지역
129,2003.3.4 12:44,2.9,,38.30 N,128.60 E,강원 속초시 북쪽 10km 해역
128,2003.3.1 23:33,3,,35.80 N,129.30 E,경북 경주시 동남동쪽 9km 지역
127,2003.3.1 21:07,2.5,,37.60 N,124.60 E,인천 백령도 남쪽 40km 해역
126,2003.2.14 16:42,2.9,,38.00 N,124.50 E,인천 백령도 서북서쪽 17km 해역
125,2003.2.9 22:28,2.3,,36.00 N,127.90 E,경북 김천시 남서쪽 23km 지역
124,2003.2.8 23:46,2.9,,35.30 N,126.60 E,전남 영광군 동북동쪽 8km 지역
123,2003.1.16 14:02,2.2,,33.60 N,127.30 E,제주 제주시 동쪽 72km 해역
122,2003.1.13 22:03,2.8,,35.80 N,129.40 E,경북 경주시 동남동쪽 17km 지역
121,2003.1.10 7:56,2.7,,35.90 N,129.20 E,경북 경주시 북쪽 7km 지역
120,2003.1.9 17:33,3.9,,37.40 N,124.20 E,인천 백령도 남서쪽 74km 해역
119,2002.12.26 23:41,2.7,,36.50 N,127.00 E,충남 공주시 서북서쪽 13km 지역
118,2002.12.17 8:44,2.1,,37.10 N,126.40 E,인천 옹진군 덕적도 동남동쪽 26km 해역
117,2002.12.16 18:21,2.4,,36.70 N,130.20 E,경북 울진군 동남동쪽 78km 해역
116,2002.12.12 21:42,2.3,,37.10 N,126.40 E,인천 옹진군 덕적도 동남동쪽 26km 해역
115,2002.12.10 7:42,3.8,,38.80 N,127.20 E,북한 강원 회양 서북서쪽 36km 지역
114,2002.12.7 16:43,2.7,,37.40 N,129.40 E,강원 삼척시 동남동쪽 21km 해역
113,2002.12.5 11:01,2.1,,36.70 N,126.20 E,충남 태안군 서남서쪽 10km 지역
112,2002.12.5 10:05,2,,36.70 N,126.30 E,충남 태안군 남쪽 5km 지역
111,2002.11.13 21:46,2.4,,35.80 N,127.90 E,경남 거창군 북쪽 13km 지역
110,2002.11.6 21:48,2.5,,36.40 N,127.70 E,충북 옥천군 북동쪽 16km 지역
109,2002.10.28 11:50,2.8,,35.10 N,126.60 E,전남 함평군 동북동쪽 8km 지역
108,2002.10.25 4:06,2.4,,33.90 N,127.10 E,전남 여수시 거문도 남서쪽 24km 해역
107,2002.10.23 10:30,2.8,,34.90 N,128.40 E,경남 통영시 북북서쪽 6km 지역
106,2002.10.20 4:22,3,,35.20 N,127.70 E,경남 하동군 북북서쪽 16km 지역
105,2002.10.19 21:31,2.7,,36.20 N,127.60 E,충남 금산군 북동쪽 15km 지역
104,2002.10.16 19:48,2.4,,36.60 N,127.60 E,충북 청원군 동남동쪽 11km 지역
103,2002.10.4 2:06,2.4,,38.10 N,126.40 E,북한 개성 북서쪽 20km 지역
102,2002.9.19 3:10,2.9,,35.60 N,125.40 E,전남 신안군 흑산면 북쪽 106km 해역
101,2002.9.16 7:36,2.8,,36.10 N,128.30 E,경북 구미시 서남서쪽 5km 지역
100,2002.9.15 16:40,2.5,,35.90 N,129.70 E,경북 포항시 남구 동남동쪽 33km 해역
99,2002.8.13 16:07,2.7,,35.10 N,125.20 E,전남 신안군 흑산면 북북서쪽 56km 해역
98,2002.8.10 21:47,4,,35.10 N,123.40 E,전남 흑산도 서북서쪽 195km 해역
97,2002.8.6 21:37,2.5,,35.70 N,127.60 E,전북 장수군 북동쪽 9km 지역
96,2002.8.6 7:32,3,,34.70 N,127.40 E,전남 고흥군 북동쪽 15km 지역
95,2002.7.17 6:50,3.3,,38.00 N,124.40 E,인천 백령도 서북서쪽 25km 해역
94,2002.7.12 8:17,2.1,,35.90 N,129.80 E,경북 포항시 남구 동남동쪽 41km 해역
93,2002.7.9 4:01,3.8,,35.90 N,129.60 E,경북 포항시 남구 동남동쪽 24km 해역
92,2002.7.2 1:49,2.3,,35.80 N,128.00 E,경남 거창군 북북동쪽 15km 지역
91,2002.6.23 11:12,2,,34.70 N,126.60 E,전남 영암군 남서쪽 14km 지역
90,2002.6.7 22:24,2.8,,38.40 N,125.30 E,북한 황해남도 안악 남서쪽 21km 지역
89,2002.5.29 18:22,2.4,,34.70 N,127.90 E,경남 남해군 남쪽 15km 해역
88,2002.4.17 7:52,3.9,,40.50 N,128.50 E,북한 함경남도 북청 북북동쪽 33km 지역
87,2002.4.14 12:29,2.4,,35.10 N,125.00 E,전남 신안군 흑산면 북서쪽 66km 해역
86,2002.4.1 7:46,2.5,,37.30 N,128.10 E,강원 원주시 동남동쪽 15km 지역
85,2002.3.25 18:10,2.4,,37.10 N,127.20 E,경기 용인시 처인구 남남서쪽 12km 지역
84,2002.3.25 5:31,2.4,,37.40 N,129.20 E,강원 삼척시 남남동쪽 6km 지역
83,2002.3.22 11:28,3.5,,38.30 N,124.50 E,북한 인천 백령도 북북서쪽 42km 해역
82,2002.3.17 9:26,3.9,,38.10 N,124.30 E,북한 인천 백령도 서북서쪽 37km 해역
81,2002.3.12 20:04,2.4,,34.90 N,127.40 E,전남 순천시 서남서쪽 10km 지역
80,2002.3.8 2:09,2.4,,35.50 N,126.10 E,전북 부안군 위도 서남서쪽 21km 해역
79,2002.3.7 23:30,3,,36.50 N,126.60 E,충남 홍성군 남남서쪽 12km 지역
78,2002.2.28 22:26,2.1,,36.70 N,128.10 E,경북 문경시 북북서쪽 15km 지역
77,2002.2.7 9:31,2.4,,36.10 N,129.20 E,경북 포항시 북구 서북서쪽 17km 지역
76,2002.2.3 22:44,2.6,,35.00 N,125.00 E,전남 신안군 흑산면 북서쪽 58km 해역
75,2002.1.17 20:16,2.9,,35.10 N,125.00 E,전남 신안군 흑산면 북서쪽 66km 해역
74,2002.1.17 6:28,2.8,,36.20 N,126.20 E,전북 군산시 어청도 동북동쪽 22km 해역
73,2002.1.8 8:18,2.8,,35.80 N,128.20 E,경북 고령군 북서쪽 10km 지역
72,2002.1.7 17:10,3.1,,35.40 N,128.80 E,경남 밀양시 남남동쪽 10km 지역
71,2002.1.4 0:33,2.3,,34.80 N,127.40 E,전남 보성군 동쪽 29km 지역
70,2001.11.30 11:18,2.4,,35.90 N,127.50 E,전북 진안군 북북동쪽 14km 지역
69,2001.11.24 16:10,4.1,,36.70 N,129.90 E,경북 울진군 남동쪽 55km 해역
68,2001.11.21 10:49,3.5,,36.70 N,128.30 E,경북 문경시 북동쪽 16km 지역
67,2001.11.9 13:54,2.6,,34.70 N,126.90 E,전남 장흥군 북북서쪽 2km 지역
66,2001.10.28 22:27,2.1,,37.10 N,129.00 E,강원 태백시 남쪽 7km 지역
65,2001.10.1 3:35,2.6,,36.00 N,127.70 E,전북 무주군 동쪽 3km 지역
64,2001.9.24 9:33,2.6,,35.50 N,127.50 E,전북 남원시 북동쪽 14km 지역
63,2001.9.19 8:47,2.6,,36.60 N,126.90 E,충남 예산군 남동쪽 11km 지역
62,2001.9.15 2:32,2.2,,35.60 N,125.90 E,전북 부안군 서쪽 70km 해역
61,2001.9.13 6:07,2.2,,36.40 N,127.00 E,충남 청양군 동남동쪽 18km 지역
60,2001.9.7 8:42,2.8,,34.80 N,127.40 E,전남 보성군 동쪽 29km 지역
59,2001.8.24 11:12,3.1,,35.90 N,128.20 E,경북 성주군 서남서쪽 8km 지역
58,2001.8.20 21:04,2.5,,34.00 N,125.50 E,전남 신안군 흑산면 남쪽 72km 해역
57,2001.8.6 23:46,2.3,,36.70 N,128.30 E,경북 문경시 북동쪽 16km 지역
56,2001.7.27 10:04,2.2,,36.50 N,128.00 E,경북 상주시 북서쪽 18km 지역
55,2001.7.26 19:55,2,,36.20 N,127.40 E,충남 금산군 북서쪽 13km 지역
54,2001.7.23 17:29,3.5,,36.40 N,128.00 E,경북 상주시 서쪽 14km 지역
53,2001.7.15 20:01,2.3,,36.70 N,127.00 E,충남 아산시 남쪽 10km 지역
52,2001.6.29 11:21,3.6,,35.80 N,126.60 E,전북 부안군 서북서쪽 15km 해역
51,2001.6.17 1:04,2.3,,35.70 N,126.40 E,전북 부안군 서쪽 30km 해역
50,2001.6.16 21:26,2.2,,36.00 N,127.90 E,경북 김천시 남서쪽 23km 지역
49,2001.6.13 13:53,2.9,,34.80 N,127.30 E,전남 고흥군 북쪽 21km 지역
48,2001.6.9 0:36,2.3,,36.70 N,128.80 E,경북 안동시 북북동쪽 16km 지역
47,2001.5.28 7:25,2.1,,36.40 N,127.80 E,충북 보은군 남남동쪽 11km 지역
46,2001.5.27 20:24,2.5,,35.80 N,129.70 E,경북 포항시 남구 남동쪽 38km 해역
45,2001.5.27 15:25,2.6,,34.10 N,127.60 E,전남 여수시 거문도 동북동쪽 28km 해역
44,2001.5.25 0:06,2.6,,33.60 N,126.80 E,제주 제주시 동북동쪽 27km 해역
43,2001.5.16 1:09,2,,36.00 N,126.70 E,충남 서천군 남쪽 9km 해역
42,2001.5.5 11:21,3.3,,37.80 N,124.50 E,인천 백령도 남서쪽 23km 해역
41,2001.4.21 2:30,2.1,,35.90 N,125.30 E,전북 군산시 어청도 서남서쪽 65km 해역
40,2001.4.17 2:42,2.5,,35.40 N,126.10 E,전북 부안군 위도 남서쪽 29km 해역
39,2001.4.16 22:50,2.2,,35.90 N,129.70 E,경북 포항시 남구 동남동쪽 33km 해역
38,2001.3.19 22:16,2.8,,37.60 N,124.60 E,인천 백령도 남쪽 40km 해역
37,2001.3.7 8:27,2.5,,35.10 N,127.80 E,경남 하동군 북동쪽 6km 지역
36,2001.3.6 0:23,2.3,,35.30 N,125.70 E,전북 부안군 위도 서남서쪽 63km 해역
35,2001.2.28 12:46,2.9,,35.30 N,127.90 E,경남 산청군 남쪽 13km 지역
34,2001.2.19 8:27,2,,37.40 N,128.40 E,강원 평창군 북북동쪽 4km 지역
33,2001.2.14 1:02,2.2,,36.00 N,128.20 E,경북 성주군 북서쪽 12km 지역
32,2001.2.10 17:47,2,,37.10 N,127.60 E,경기 이천시 남동쪽 24km 지역
31,2001.2.8 16:59,2.3,,38.40 N,127.90 E,강원 양구군 북북서쪽 34km 지역(북한지역)
30,2001.1.29 11:44,3,,35.70 N,126.60 E,전북 부안군 서남서쪽 13km 지역
29,2000.12.22 8:19,2.7,,36.30 N,127.40 E,대전 중구 남서쪽 4km 지역
28,2000.12.9 18:51,3.7,,36.50 N,130.00 E,경북 영덕군 동쪽 57km 해역
27,2000.12.2 16:53,3.1,,34.60 N,126.90 E,전남 장흥군 남쪽 9km 지역
26,2000.11.14 17:41,2.9,,38.80 N,125.80 E,북한 황해북도 송림 동북동쪽 16km 지역
25,2000.11.5 21:39,2.2,,36.20 N,127.20 E,충남 논산시 동북동쪽 9km 지역
24,2000.10.28 7:10,2.7,,37.10 N,126.70 E,경기 화성시 남서쪽 16km 해역
23,2000.10.23 11:35,2.6,,37.70 N,125.70 E,북한 인천 옹진군 연평도 북쪽 4km 해역
22,2000.10.8 7:46,2.6,,37.30 N,128.80 E,강원 정선군 남동쪽 15km 지역
21,2000.10.3 0:01,2,,36.70 N,127.20 E,충남 연기군 북서쪽 15km 지역
20,2000.9.23 10:07,2.4,,35.60 N,128.40 E,경남 창녕군 북서쪽 11km 지역
19,2000.9.13 20:38,2.4,,35.70 N,127.10 E,전북 완주군 남남서쪽 17km 지역
18,2000.8.21 19:43,3.4,,38.90 N,125.90 E,북한 평양 남동쪽 19km 지역
17,2000.8.15 1:36,2.2,,35.30 N,125.90 E,전남 영광군 서쪽 56km 해역
16,2000.8.6 19:35,2.2,,36.30 N,128.40 E,경북 의성군 서남서쪽 27km 지역
15,2000.8.5 21:02,2.7,,35.10 N,124.90 E,전남 신안군 흑산면 북서쪽 72km 해역
14,2000.7.24 7:00,3,,38.50 N,127.80 E,북한 강원 회양 남동쪽 28km 지역
13,2000.5.26 21:41,2.4,,36.20 N,127.10 E,충남 논산시 북쪽 2km 지역
12,2000.5.19 1:44,2.7,,36.60 N,128.50 E,경북 안동시 서쪽 21km 지역
11,2000.5.11 16:00,2.9,,38.60 N,127.80 E,북한 강원 회양 남동쪽 21km 지역
10,2000.5.11 15:01,2.9,,38.60 N,127.80 E,북한 강원 회양 남동쪽 21km 지역
9,2000.5.11 10:51,3.1,,33.30 N,125.90 E,제주 서귀포시 서쪽 57km 해역
8,2000.5.9 6:55,2.3,,35.20 N,128.10 E,경남 진주시 북동쪽 2km 지역
7,2000.4.29 8:53,3.3,,35.80 N,125.70 E,전북 군산시 어청도 남남서쪽 43km 해역
6,2000.4.15 8:05,2.3,,36.60 N,128.30 E,경북 예천군 서남서쪽 15km 지역
5,2000.4.12 4:44,3.5,,36.90 N,125.30 E,충남 태안군 서격렬비열도 북북서쪽 39km 해역
4,2000.3.21 13:43,2.3,,36.50 N,126.00 E,충남 태안군 남서쪽 38km 해역
3,2000.3.15 1:10,2.5,,36.30 N,125.90 E,전북 군산시 어청도 북북서쪽 20km 해역
2,2000.2.21 1:06,2.1,,35.80 N,128.20 E,경북 고령군 북서쪽 10km 지역
1,2000.1.18 15:08,3,,38.70 N,127.90 E,북한 강원 회양 동쪽 26km 지역